This file contains any messages produced by compilers while
running configure, to aid debugging if configure makes a mistake.

It was created by GNU Make configure 4.4.1, which was
generated by GNU Autoconf 2.72.  Invocation command line was

  $ ./configure --disable-dependency-tracking --prefix=/workspace/project/mobileland/Developer/Toolchains/Default.xctoolchain

## --------- ##
## Platform. ##
## --------- ##

hostname = runtime-xjauxllneqdgmduh-6549995c5f-2jlv2
uname -m = x86_64
uname -r = 6.8.0-1051-gke
uname -s = Linux
uname -v = #57-Ubuntu SMP Thu Apr 16 02:17:42 UTC 2026

/usr/bin/uname -p = unknown
/bin/uname -X     = unknown

/bin/arch              = x86_64
/usr/bin/arch -k       = unknown
/usr/convex/getsysinfo = unknown
/usr/bin/hostinfo      = unknown
/bin/machine           = unknown
/usr/bin/oslevel       = unknown
/bin/universe          = unknown

PATH: /usr/obj/ravynOS/x86_64/tmp/obj-tools/usr/bin/
PATH: /workspace/project/mobileland/Developer/Default.xctoolchain/usr/bin/
PATH: /usr/local/bin/
PATH: /usr/local/sbin/
PATH: /usr/local/bin/
PATH: /usr/sbin/
PATH: /usr/bin/
PATH: /sbin/
PATH: /bin/


## ----------- ##
## Core tests. ##
## ----------- ##

configure:2977: looking for aux files: config.rpath config.guess config.sub compile missing install-sh
configure:2990:  trying ./build-aux/
configure:3019:   ./build-aux/config.rpath found
configure:3019:   ./build-aux/config.guess found
configure:3019:   ./build-aux/config.sub found
configure:3019:   ./build-aux/compile found
configure:3019:   ./build-aux/missing found
configure:3001:   ./build-aux/install-sh found
configure:3165: checking for a BSD-compatible install
configure:3239: result: /usr/bin/install -c
configure:3250: checking whether sleep supports fractional seconds
configure:3266: result: yes
configure:3269: checking filesystem timestamp resolution
configure:3404: result: 0.01
configure:3409: checking whether build environment is sane
configure:3450: result: yes
configure:3621: checking for a race-free mkdir -p
configure:3664: result: /usr/bin/mkdir -p
configure:3671: checking for gawk
configure:3707: result: no
configure:3671: checking for mawk
configure:3692: found /usr/bin/mawk
configure:3704: result: mawk
configure:3715: checking whether /usr/bin/bmake sets $(MAKE)
configure:3743: result: no
configure:3765: checking whether /usr/bin/bmake supports nested variables
configure:3784: result: no
configure:3798: checking xargs -n works
configure:3814: result: yes
configure:3927: checking whether /usr/bin/bmake supports the include directive
configure:3942: /usr/bin/bmake -f confmf.GNU && cat confinc.out
bmake: no system rules (sys.mk).

bmake: stopped in /workspace/project/mobileland/Developer/Default.xctoolchain/gmake
configure:3945: $? = 2
configure:3942: /usr/bin/bmake -f confmf.BSD && cat confinc.out
bmake: no system rules (sys.mk).

bmake: stopped in /workspace/project/mobileland/Developer/Default.xctoolchain/gmake
configure:3945: $? = 2
configure:3964: result: no
configure:4041: checking for gcc
configure:4074: result: /usr/bin/clang
configure:4433: checking for C compiler version
configure:4442: /usr/bin/clang --version >&5
Debian clang version 19.1.7 (3+b1)
Target: x86_64-pc-linux-gnu
Thread model: posix
InstalledDir: /usr/lib/llvm-19/bin
configure:4453: $? = 0
configure:4442: /usr/bin/clang -v >&5
Debian clang version 19.1.7 (3+b1)
Target: x86_64-pc-linux-gnu
Thread model: posix
InstalledDir: /usr/lib/llvm-19/bin
Found candidate GCC installation: /usr/lib/gcc/x86_64-linux-gnu/14
Selected GCC installation: /usr/lib/gcc/x86_64-linux-gnu/14
Candidate multilib: .;@m64
Selected multilib: .;@m64
configure:4453: $? = 0
configure:4442: /usr/bin/clang -V >&5
clang: error: argument to '-V' is missing (expected 1 value)
clang: error: no input files
configure:4453: $? = 1
configure:4442: /usr/bin/clang -qversion >&5
clang: error: unknown argument '-qversion'; did you mean '--version'?
clang: error: no input files
configure:4453: $? = 1
configure:4442: /usr/bin/clang -version >&5
clang: error: unknown argument '-version'; did you mean '--version'?
clang: error: no input files
configure:4453: $? = 1
configure:4473: checking whether the C compiler works
configure:4495: /usr/bin/clang    conftest.c  >&5
configure:4499: $? = 0
configure:4550: result: yes
configure:4554: checking for C compiler default output file name
configure:4556: result: a.out
configure:4562: checking for suffix of executables
configure:4569: /usr/bin/clang -o conftest    conftest.c  >&5
configure:4573: $? = 0
configure:4597: result: 
configure:4621: checking whether we are cross compiling
configure:4629: /usr/bin/clang -o conftest    conftest.c  >&5
configure:4633: $? = 0
configure:4640: ./conftest
configure:4644: $? = 0
configure:4659: result: no
configure:4665: checking for suffix of object files
configure:4688: /usr/bin/clang -c   conftest.c >&5
configure:4692: $? = 0
configure:4716: result: o
configure:4720: checking whether the compiler supports GNU C
configure:4740: /usr/bin/clang -c   conftest.c >&5
configure:4740: $? = 0
configure:4752: result: yes
configure:4763: checking whether /usr/bin/clang accepts -g
configure:4784: /usr/bin/clang -c -g  conftest.c >&5
configure:4784: $? = 0
configure:4831: result: yes
configure:4851: checking for /usr/bin/clang option to enable C11 features
configure:4866: /usr/bin/clang  -c -g -O2  conftest.c >&5
configure:4866: $? = 0
configure:4885: result: none needed
configure:5009: checking whether /usr/bin/clang understands -c and -o together
configure:5032: /usr/bin/clang -c conftest.c -o conftest2.o
configure:5035: $? = 0
configure:5032: /usr/bin/clang -c conftest.c -o conftest2.o
configure:5035: $? = 0
configure:5048: result: yes
configure:5066: checking whether the compiler is clang
configure:5088: /usr/bin/clang -c -g -O2  conftest.c >&5
conftest.c:13:12: error: unknown type name 'barfbarf'
   13 |            barfbarf
      |            ^
1 error generated.
configure:5088: $? = 1
configure: failed program was:
| /* confdefs.h */
| #define PACKAGE_NAME "GNU Make"
| #define PACKAGE_TARNAME "make"
| #define PACKAGE_VERSION "4.4.1"
| #define PACKAGE_STRING "GNU Make 4.4.1"
| #define PACKAGE_BUGREPORT "bug-make@gnu.org"
| #define PACKAGE_URL "https://www.gnu.org/software/make/"
| #define PACKAGE "make"
| #define VERSION "4.4.1"
| /* end confdefs.h.  */
| 
|            #ifdef __clang__
|            barfbarf
|            #endif
| 
| int
| main (void)
| {
| 
|   ;
|   return 0;
| }
| 
configure:5099: result: yes
configure:5103: checking for compiler option needed when checking for declarations
configure:5123: /usr/bin/clang -c -g -O2  conftest.c >&5 -Werror=implicit-function-declaration
configure:5123: $? = 0
configure:5138: result: -Werror=implicit-function-declaration
configure:5149: checking dependency style of /usr/bin/clang
configure:5262: result: none
configure:5282: checking for stdio.h
configure:5282: /usr/bin/clang -c -g -O2  conftest.c >&5
configure:5282: $? = 0
configure:5282: result: yes
configure:5282: checking for stdlib.h
configure:5282: /usr/bin/clang -c -g -O2  conftest.c >&5
configure:5282: $? = 0
configure:5282: result: yes
configure:5282: checking for string.h
configure:5282: /usr/bin/clang -c -g -O2  conftest.c >&5
configure:5282: $? = 0
configure:5282: result: yes
configure:5282: checking for inttypes.h
configure:5282: /usr/bin/clang -c -g -O2  conftest.c >&5
configure:5282: $? = 0
configure:5282: result: yes
configure:5282: checking for stdint.h
configure:5282: /usr/bin/clang -c -g -O2  conftest.c >&5
configure:5282: $? = 0
configure:5282: result: yes
configure:5282: checking for strings.h
configure:5282: /usr/bin/clang -c -g -O2  conftest.c >&5
configure:5282: $? = 0
configure:5282: result: yes
configure:5282: checking for sys/stat.h
configure:5282: /usr/bin/clang -c -g -O2  conftest.c >&5
configure:5282: $? = 0
configure:5282: result: yes
configure:5282: checking for sys/types.h
configure:5282: /usr/bin/clang -c -g -O2  conftest.c >&5
configure:5282: $? = 0
configure:5282: result: yes
configure:5282: checking for unistd.h
configure:5282: /usr/bin/clang -c -g -O2  conftest.c >&5
configure:5282: $? = 0
configure:5282: result: yes
configure:5282: checking for wchar.h
configure:5282: /usr/bin/clang -c -g -O2  conftest.c >&5
configure:5282: $? = 0
configure:5282: result: yes
configure:5282: checking for minix/config.h
configure:5282: /usr/bin/clang -c -g -O2  conftest.c >&5
conftest.c:49:10: fatal error: 'minix/config.h' file not found
   49 | #include <minix/config.h>
      |          ^~~~~~~~~~~~~~~~
1 error generated.
configure:5282: $? = 1
configure: failed program was:
| /* confdefs.h */
| #define PACKAGE_NAME "GNU Make"
| #define PACKAGE_TARNAME "make"
| #define PACKAGE_VERSION "4.4.1"
| #define PACKAGE_STRING "GNU Make 4.4.1"
| #define PACKAGE_BUGREPORT "bug-make@gnu.org"
| #define PACKAGE_URL "https://www.gnu.org/software/make/"
| #define PACKAGE "make"
| #define VERSION "4.4.1"
| #define HAVE_STDIO_H 1
| #define HAVE_STDLIB_H 1
| #define HAVE_STRING_H 1
| #define HAVE_INTTYPES_H 1
| #define HAVE_STDINT_H 1
| #define HAVE_STRINGS_H 1
| #define HAVE_SYS_STAT_H 1
| #define HAVE_SYS_TYPES_H 1
| #define HAVE_UNISTD_H 1
| #define HAVE_WCHAR_H 1
| /* end confdefs.h.  */
| #include <stddef.h>
| #ifdef HAVE_STDIO_H
| # include <stdio.h>
| #endif
| #ifdef HAVE_STDLIB_H
| # include <stdlib.h>
| #endif
| #ifdef HAVE_STRING_H
| # include <string.h>
| #endif
| #ifdef HAVE_INTTYPES_H
| # include <inttypes.h>
| #endif
| #ifdef HAVE_STDINT_H
| # include <stdint.h>
| #endif
| #ifdef HAVE_STRINGS_H
| # include <strings.h>
| #endif
| #ifdef HAVE_SYS_TYPES_H
| # include <sys/types.h>
| #endif
| #ifdef HAVE_SYS_STAT_H
| # include <sys/stat.h>
| #endif
| #ifdef HAVE_UNISTD_H
| # include <unistd.h>
| #endif
| #include <minix/config.h>
configure:5282: result: no
configure:5282: checking for sys/param.h
configure:5282: /usr/bin/clang -c -g -O2  conftest.c >&5
configure:5282: $? = 0
configure:5282: result: yes
configure:5282: checking for stdbool.h
configure:5282: /usr/bin/clang -c -g -O2  conftest.c >&5
configure:5282: $? = 0
configure:5282: result: yes
configure:5282: checking for vfork.h
configure:5282: /usr/bin/clang -c -g -O2  conftest.c >&5
conftest.c:51:10: fatal error: 'vfork.h' file not found
   51 | #include <vfork.h>
      |          ^~~~~~~~~
1 error generated.
configure:5282: $? = 1
configure: failed program was:
| /* confdefs.h */
| #define PACKAGE_NAME "GNU Make"
| #define PACKAGE_TARNAME "make"
| #define PACKAGE_VERSION "4.4.1"
| #define PACKAGE_STRING "GNU Make 4.4.1"
| #define PACKAGE_BUGREPORT "bug-make@gnu.org"
| #define PACKAGE_URL "https://www.gnu.org/software/make/"
| #define PACKAGE "make"
| #define VERSION "4.4.1"
| #define HAVE_STDIO_H 1
| #define HAVE_STDLIB_H 1
| #define HAVE_STRING_H 1
| #define HAVE_INTTYPES_H 1
| #define HAVE_STDINT_H 1
| #define HAVE_STRINGS_H 1
| #define HAVE_SYS_STAT_H 1
| #define HAVE_SYS_TYPES_H 1
| #define HAVE_UNISTD_H 1
| #define HAVE_WCHAR_H 1
| #define HAVE_SYS_PARAM_H 1
| #define HAVE_STDBOOL_H 1
| /* end confdefs.h.  */
| #include <stddef.h>
| #ifdef HAVE_STDIO_H
| # include <stdio.h>
| #endif
| #ifdef HAVE_STDLIB_H
| # include <stdlib.h>
| #endif
| #ifdef HAVE_STRING_H
| # include <string.h>
| #endif
| #ifdef HAVE_INTTYPES_H
| # include <inttypes.h>
| #endif
| #ifdef HAVE_STDINT_H
| # include <stdint.h>
| #endif
| #ifdef HAVE_STRINGS_H
| # include <strings.h>
| #endif
| #ifdef HAVE_SYS_TYPES_H
| # include <sys/types.h>
| #endif
| #ifdef HAVE_SYS_STAT_H
| # include <sys/stat.h>
| #endif
| #ifdef HAVE_UNISTD_H
| # include <unistd.h>
| #endif
| #include <vfork.h>
configure:5282: result: no
configure:5313: checking whether it is safe to define __EXTENSIONS__
configure:5332: /usr/bin/clang -c -g -O2  conftest.c >&5
configure:5332: $? = 0
configure:5342: result: yes
configure:5345: checking whether _XOPEN_SOURCE should be defined
configure:5367: /usr/bin/clang -c -g -O2  conftest.c >&5
configure:5367: $? = 0
configure:5396: result: no
configure:5509: checking for gcc
configure:5542: result: /usr/bin/clang
configure:5901: checking for C compiler version
configure:5910: /usr/bin/clang --version >&5
Debian clang version 19.1.7 (3+b1)
Target: x86_64-pc-linux-gnu
Thread model: posix
InstalledDir: /usr/lib/llvm-19/bin
configure:5921: $? = 0
configure:5910: /usr/bin/clang -v >&5
Debian clang version 19.1.7 (3+b1)
Target: x86_64-pc-linux-gnu
Thread model: posix
InstalledDir: /usr/lib/llvm-19/bin
Found candidate GCC installation: /usr/lib/gcc/x86_64-linux-gnu/14
Selected GCC installation: /usr/lib/gcc/x86_64-linux-gnu/14
Candidate multilib: .;@m64
Selected multilib: .;@m64
configure:5921: $? = 0
configure:5910: /usr/bin/clang -V >&5
clang: error: argument to '-V' is missing (expected 1 value)
clang: error: no input files
configure:5921: $? = 1
configure:5910: /usr/bin/clang -qversion >&5
clang: error: unknown argument '-qversion'; did you mean '--version'?
clang: error: no input files
configure:5921: $? = 1
configure:5910: /usr/bin/clang -version >&5
clang: error: unknown argument '-version'; did you mean '--version'?
clang: error: no input files
configure:5921: $? = 1
configure:5925: checking whether the compiler supports GNU C
configure:5957: result: yes
configure:5968: checking whether /usr/bin/clang accepts -g
configure:6036: result: yes
configure:6056: checking for /usr/bin/clang option to enable C11 features
configure:6090: result: none needed
configure:6214: checking whether /usr/bin/clang understands -c and -o together
configure:6253: result: yes
configure:6271: checking whether the compiler is clang
configure:6304: result: yes
configure:6308: checking for compiler option needed when checking for declarations
configure:6343: result: -Werror=implicit-function-declaration
configure:6354: checking dependency style of /usr/bin/clang
configure:6467: result: none
configure:6612: checking for C++ compiler version
configure:6621: /usr/bin/clang++ --version >&5
Debian clang version 19.1.7 (3+b1)
Target: x86_64-pc-linux-gnu
Thread model: posix
InstalledDir: /usr/lib/llvm-19/bin
configure:6632: $? = 0
configure:6621: /usr/bin/clang++ -v >&5
Debian clang version 19.1.7 (3+b1)
Target: x86_64-pc-linux-gnu
Thread model: posix
InstalledDir: /usr/lib/llvm-19/bin
Found candidate GCC installation: /usr/lib/gcc/x86_64-linux-gnu/14
Selected GCC installation: /usr/lib/gcc/x86_64-linux-gnu/14
Candidate multilib: .;@m64
Selected multilib: .;@m64
configure:6632: $? = 0
configure:6621: /usr/bin/clang++ -V >&5
clang++: error: argument to '-V' is missing (expected 1 value)
clang++: error: no input files
configure:6632: $? = 1
configure:6621: /usr/bin/clang++ -qversion >&5
clang++: error: unknown argument '-qversion'; did you mean '--version'?
clang++: error: no input files
configure:6632: $? = 1
configure:6636: checking whether the compiler supports GNU C++
configure:6656: /usr/bin/clang++ -c   conftest.cpp >&5
configure:6656: $? = 0
configure:6668: result: yes
configure:6679: checking whether /usr/bin/clang++ accepts -g
configure:6700: /usr/bin/clang++ -c -g  conftest.cpp >&5
configure:6700: $? = 0
configure:6747: result: yes
configure:6767: checking for /usr/bin/clang++ option to enable C++11 features
configure:6782: /usr/bin/clang++  -c -g -O2  conftest.cpp >&5
conftest.cpp:207:25: warning: empty parentheses interpreted as a function declaration [-Wvexing-parse]
  207 |   cxx11test::delegate d2();
      |                         ^~
conftest.cpp:207:25: note: remove parentheses to declare a variable
  207 |   cxx11test::delegate d2();
      |                         ^~
1 warning generated.
configure:6782: $? = 0
configure:6801: result: none needed
configure:6872: checking dependency style of /usr/bin/clang++
configure:6985: result: none
configure:7011: checking build system type
configure:7027: result: x86_64-pc-linux-gnu
configure:7047: checking host system type
configure:7062: result: x86_64-pc-linux-gnu
configure:7099: checking how to run the C preprocessor
configure:7125: /usr/bin/clang -E  conftest.c
configure:7125: $? = 0
configure:7141: /usr/bin/clang -E  conftest.c
conftest.c:42:10: fatal error: 'ac_nonexistent.h' file not found
   42 | #include <ac_nonexistent.h>
      |          ^~~~~~~~~~~~~~~~~~
1 error generated.
configure:7141: $? = 1
configure: failed program was:
| /* confdefs.h */
| #define PACKAGE_NAME "GNU Make"
| #define PACKAGE_TARNAME "make"
| #define PACKAGE_VERSION "4.4.1"
| #define PACKAGE_STRING "GNU Make 4.4.1"
| #define PACKAGE_BUGREPORT "bug-make@gnu.org"
| #define PACKAGE_URL "https://www.gnu.org/software/make/"
| #define PACKAGE "make"
| #define VERSION "4.4.1"
| #define HAVE_STDIO_H 1
| #define HAVE_STDLIB_H 1
| #define HAVE_STRING_H 1
| #define HAVE_INTTYPES_H 1
| #define HAVE_STDINT_H 1
| #define HAVE_STRINGS_H 1
| #define HAVE_SYS_STAT_H 1
| #define HAVE_SYS_TYPES_H 1
| #define HAVE_UNISTD_H 1
| #define HAVE_WCHAR_H 1
| #define HAVE_SYS_PARAM_H 1
| #define HAVE_STDBOOL_H 1
| #define STDC_HEADERS 1
| #define _ALL_SOURCE 1
| #define _DARWIN_C_SOURCE 1
| #define _GNU_SOURCE 1
| #define _HPUX_ALT_XOPEN_SOCKET_API 1
| #define _NETBSD_SOURCE 1
| #define _OPENBSD_SOURCE 1
| #define _POSIX_PTHREAD_SEMANTICS 1
| #define __STDC_WANT_IEC_60559_ATTRIBS_EXT__ 1
| #define __STDC_WANT_IEC_60559_BFP_EXT__ 1
| #define __STDC_WANT_IEC_60559_DFP_EXT__ 1
| #define __STDC_WANT_IEC_60559_EXT__ 1
| #define __STDC_WANT_IEC_60559_FUNCS_EXT__ 1
| #define __STDC_WANT_IEC_60559_TYPES_EXT__ 1
| #define __STDC_WANT_LIB_EXT2__ 1
| #define __STDC_WANT_MATH_SPEC_FUNCS__ 1
| #define _TANDEM_SOURCE 1
| #define __EXTENSIONS__ 1
| #define MAKE_CXX "/usr/bin/clang++"
| /* end confdefs.h.  */
| #include <ac_nonexistent.h>
configure:7170: result: /usr/bin/clang -E
configure:7184: /usr/bin/clang -E  conftest.c
configure:7184: $? = 0
configure:7200: /usr/bin/clang -E  conftest.c
conftest.c:42:10: fatal error: 'ac_nonexistent.h' file not found
   42 | #include <ac_nonexistent.h>
      |          ^~~~~~~~~~~~~~~~~~
1 error generated.
configure:7200: $? = 1
configure: failed program was:
| /* confdefs.h */
| #define PACKAGE_NAME "GNU Make"
| #define PACKAGE_TARNAME "make"
| #define PACKAGE_VERSION "4.4.1"
| #define PACKAGE_STRING "GNU Make 4.4.1"
| #define PACKAGE_BUGREPORT "bug-make@gnu.org"
| #define PACKAGE_URL "https://www.gnu.org/software/make/"
| #define PACKAGE "make"
| #define VERSION "4.4.1"
| #define HAVE_STDIO_H 1
| #define HAVE_STDLIB_H 1
| #define HAVE_STRING_H 1
| #define HAVE_INTTYPES_H 1
| #define HAVE_STDINT_H 1
| #define HAVE_STRINGS_H 1
| #define HAVE_SYS_STAT_H 1
| #define HAVE_SYS_TYPES_H 1
| #define HAVE_UNISTD_H 1
| #define HAVE_WCHAR_H 1
| #define HAVE_SYS_PARAM_H 1
| #define HAVE_STDBOOL_H 1
| #define STDC_HEADERS 1
| #define _ALL_SOURCE 1
| #define _DARWIN_C_SOURCE 1
| #define _GNU_SOURCE 1
| #define _HPUX_ALT_XOPEN_SOCKET_API 1
| #define _NETBSD_SOURCE 1
| #define _OPENBSD_SOURCE 1
| #define _POSIX_PTHREAD_SEMANTICS 1
| #define __STDC_WANT_IEC_60559_ATTRIBS_EXT__ 1
| #define __STDC_WANT_IEC_60559_BFP_EXT__ 1
| #define __STDC_WANT_IEC_60559_DFP_EXT__ 1
| #define __STDC_WANT_IEC_60559_EXT__ 1
| #define __STDC_WANT_IEC_60559_FUNCS_EXT__ 1
| #define __STDC_WANT_IEC_60559_TYPES_EXT__ 1
| #define __STDC_WANT_LIB_EXT2__ 1
| #define __STDC_WANT_MATH_SPEC_FUNCS__ 1
| #define _TANDEM_SOURCE 1
| #define __EXTENSIONS__ 1
| #define MAKE_CXX "/usr/bin/clang++"
| /* end confdefs.h.  */
| #include <ac_nonexistent.h>
configure:7233: checking for egrep -e
configure:7363: result: /usr/bin/grep -E
configure:7370: checking for Minix Amsterdam compiler
configure:7398: result: no
configure:7461: checking for ar
configure:7494: result: /usr/bin/ar
configure:7575: checking for ranlib
configure:7596: found /usr/bin/ranlib
configure:7608: result: ranlib
configure:7641: checking for  option for large files
configure:7676: /usr/bin/clang -c -g -O2  conftest.c >&5
configure:7676: $? = 0
configure:7682: /usr/bin/clang -c -g -O2  -DFTYPE=ino_t conftest.c >&5
configure:7682: $? = 0
configure:7719: result: none needed
configure:7878: checking for size_t
configure:7878: /usr/bin/clang -c -g -O2  conftest.c >&5
configure:7878: $? = 0
configure:7878: /usr/bin/clang -c -g -O2  conftest.c >&5
conftest.c:73:21: error: expected expression
   73 | if (sizeof ((size_t)))
      |                     ^
1 error generated.
configure:7878: $? = 1
configure: failed program was:
| /* confdefs.h */
| #define PACKAGE_NAME "GNU Make"
| #define PACKAGE_TARNAME "make"
| #define PACKAGE_VERSION "4.4.1"
| #define PACKAGE_STRING "GNU Make 4.4.1"
| #define PACKAGE_BUGREPORT "bug-make@gnu.org"
| #define PACKAGE_URL "https://www.gnu.org/software/make/"
| #define PACKAGE "make"
| #define VERSION "4.4.1"
| #define HAVE_STDIO_H 1
| #define HAVE_STDLIB_H 1
| #define HAVE_STRING_H 1
| #define HAVE_INTTYPES_H 1
| #define HAVE_STDINT_H 1
| #define HAVE_STRINGS_H 1
| #define HAVE_SYS_STAT_H 1
| #define HAVE_SYS_TYPES_H 1
| #define HAVE_UNISTD_H 1
| #define HAVE_WCHAR_H 1
| #define HAVE_SYS_PARAM_H 1
| #define HAVE_STDBOOL_H 1
| #define STDC_HEADERS 1
| #define _ALL_SOURCE 1
| #define _DARWIN_C_SOURCE 1
| #define _GNU_SOURCE 1
| #define _HPUX_ALT_XOPEN_SOCKET_API 1
| #define _NETBSD_SOURCE 1
| #define _OPENBSD_SOURCE 1
| #define _POSIX_PTHREAD_SEMANTICS 1
| #define __STDC_WANT_IEC_60559_ATTRIBS_EXT__ 1
| #define __STDC_WANT_IEC_60559_BFP_EXT__ 1
| #define __STDC_WANT_IEC_60559_DFP_EXT__ 1
| #define __STDC_WANT_IEC_60559_EXT__ 1
| #define __STDC_WANT_IEC_60559_FUNCS_EXT__ 1
| #define __STDC_WANT_IEC_60559_TYPES_EXT__ 1
| #define __STDC_WANT_LIB_EXT2__ 1
| #define __STDC_WANT_MATH_SPEC_FUNCS__ 1
| #define _TANDEM_SOURCE 1
| #define __EXTENSIONS__ 1
| #define MAKE_CXX "/usr/bin/clang++"
| /* end confdefs.h.  */
| #include <stddef.h>
| #ifdef HAVE_STDIO_H
| # include <stdio.h>
| #endif
| #ifdef HAVE_STDLIB_H
| # include <stdlib.h>
| #endif
| #ifdef HAVE_STRING_H
| # include <string.h>
| #endif
| #ifdef HAVE_INTTYPES_H
| # include <inttypes.h>
| #endif
| #ifdef HAVE_STDINT_H
| # include <stdint.h>
| #endif
| #ifdef HAVE_STRINGS_H
| # include <strings.h>
| #endif
| #ifdef HAVE_SYS_TYPES_H
| # include <sys/types.h>
| #endif
| #ifdef HAVE_SYS_STAT_H
| # include <sys/stat.h>
| #endif
| #ifdef HAVE_UNISTD_H
| # include <unistd.h>
| #endif
| int
| main (void)
| {
| if (sizeof ((size_t)))
| 	    return 0;
|   ;
|   return 0;
| }
configure:7878: result: yes
configure:7891: checking for working alloca.h
configure:7909: /usr/bin/clang -o conftest -g -O2   conftest.c  >&5
configure:7909: $? = 0
configure:7920: result: yes
configure:7928: checking for alloca
configure:7973: result: yes
configure:8047: checking for eaccess
configure:8047: /usr/bin/clang -o conftest -g -O2   conftest.c  >&5
configure:8047: $? = 0
configure:8047: result: yes
configure:8075: checking for /usr/bin/clang options needed to detect all undeclared functions
configure:8097: /usr/bin/clang -c -g -O2   conftest.c >&5
conftest.c:48:8: error: call to undeclared library function 'strchr' with type 'char *(const char *, int)'; ISO C99 and later do not support implicit function declarations [-Wimplicit-function-declaration]
   48 | (void) strchr;
      |        ^
conftest.c:48:8: note: include the header <string.h> or explicitly provide a declaration for 'strchr'
1 error generated.
configure:8097: $? = 1
configure: failed program was:
| /* confdefs.h */
| #define PACKAGE_NAME "GNU Make"
| #define PACKAGE_TARNAME "make"
| #define PACKAGE_VERSION "4.4.1"
| #define PACKAGE_STRING "GNU Make 4.4.1"
| #define PACKAGE_BUGREPORT "bug-make@gnu.org"
| #define PACKAGE_URL "https://www.gnu.org/software/make/"
| #define PACKAGE "make"
| #define VERSION "4.4.1"
| #define HAVE_STDIO_H 1
| #define HAVE_STDLIB_H 1
| #define HAVE_STRING_H 1
| #define HAVE_INTTYPES_H 1
| #define HAVE_STDINT_H 1
| #define HAVE_STRINGS_H 1
| #define HAVE_SYS_STAT_H 1
| #define HAVE_SYS_TYPES_H 1
| #define HAVE_UNISTD_H 1
| #define HAVE_WCHAR_H 1
| #define HAVE_SYS_PARAM_H 1
| #define HAVE_STDBOOL_H 1
| #define STDC_HEADERS 1
| #define _ALL_SOURCE 1
| #define _DARWIN_C_SOURCE 1
| #define _GNU_SOURCE 1
| #define _HPUX_ALT_XOPEN_SOCKET_API 1
| #define _NETBSD_SOURCE 1
| #define _OPENBSD_SOURCE 1
| #define _POSIX_PTHREAD_SEMANTICS 1
| #define __STDC_WANT_IEC_60559_ATTRIBS_EXT__ 1
| #define __STDC_WANT_IEC_60559_BFP_EXT__ 1
| #define __STDC_WANT_IEC_60559_DFP_EXT__ 1
| #define __STDC_WANT_IEC_60559_EXT__ 1
| #define __STDC_WANT_IEC_60559_FUNCS_EXT__ 1
| #define __STDC_WANT_IEC_60559_TYPES_EXT__ 1
| #define __STDC_WANT_LIB_EXT2__ 1
| #define __STDC_WANT_MATH_SPEC_FUNCS__ 1
| #define _TANDEM_SOURCE 1
| #define __EXTENSIONS__ 1
| #define MAKE_CXX "/usr/bin/clang++"
| #define HAVE_ALLOCA_H 1
| #define HAVE_ALLOCA 1
| /* end confdefs.h.  */
| 
| int
| main (void)
| {
| (void) strchr;
|   ;
|   return 0;
| }
configure:8124: /usr/bin/clang -c -g -O2   conftest.c >&5
configure:8124: $? = 0
configure:8144: result: none needed
configure:8200: checking host CPU and C ABI
configure:8230: /usr/bin/clang -c -g -O2  conftest.c >&5
configure:8230: $? = 0
configure:8241: /usr/bin/clang -c -g -O2  conftest.c >&5
conftest.c:47:21: error: unknown type name 'error'
   47 |                     error fail
      |                     ^
conftest.c:47:31: error: expected ';' after top level declarator
   47 |                     error fail
      |                               ^
      |                               ;
2 errors generated.
configure:8241: $? = 1
configure: failed program was:
| /* confdefs.h */
| #define PACKAGE_NAME "GNU Make"
| #define PACKAGE_TARNAME "make"
| #define PACKAGE_VERSION "4.4.1"
| #define PACKAGE_STRING "GNU Make 4.4.1"
| #define PACKAGE_BUGREPORT "bug-make@gnu.org"
| #define PACKAGE_URL "https://www.gnu.org/software/make/"
| #define PACKAGE "make"
| #define VERSION "4.4.1"
| #define HAVE_STDIO_H 1
| #define HAVE_STDLIB_H 1
| #define HAVE_STRING_H 1
| #define HAVE_INTTYPES_H 1
| #define HAVE_STDINT_H 1
| #define HAVE_STRINGS_H 1
| #define HAVE_SYS_STAT_H 1
| #define HAVE_SYS_TYPES_H 1
| #define HAVE_UNISTD_H 1
| #define HAVE_WCHAR_H 1
| #define HAVE_SYS_PARAM_H 1
| #define HAVE_STDBOOL_H 1
| #define STDC_HEADERS 1
| #define _ALL_SOURCE 1
| #define _DARWIN_C_SOURCE 1
| #define _GNU_SOURCE 1
| #define _HPUX_ALT_XOPEN_SOCKET_API 1
| #define _NETBSD_SOURCE 1
| #define _OPENBSD_SOURCE 1
| #define _POSIX_PTHREAD_SEMANTICS 1
| #define __STDC_WANT_IEC_60559_ATTRIBS_EXT__ 1
| #define __STDC_WANT_IEC_60559_BFP_EXT__ 1
| #define __STDC_WANT_IEC_60559_DFP_EXT__ 1
| #define __STDC_WANT_IEC_60559_EXT__ 1
| #define __STDC_WANT_IEC_60559_FUNCS_EXT__ 1
| #define __STDC_WANT_IEC_60559_TYPES_EXT__ 1
| #define __STDC_WANT_LIB_EXT2__ 1
| #define __STDC_WANT_MATH_SPEC_FUNCS__ 1
| #define _TANDEM_SOURCE 1
| #define __EXTENSIONS__ 1
| #define MAKE_CXX "/usr/bin/clang++"
| #define HAVE_ALLOCA_H 1
| #define HAVE_ALLOCA 1
| /* end confdefs.h.  */
| #if defined __ILP32__ || defined _ILP32
|                     int ok;
|                    #else
|                     error fail
|                    #endif
| 
configure:8595: result: x86_64
configure:8707: checking for C compiler option to allow warnings
configure:8716: /usr/bin/clang -g -O2  -c conftest.c 2>conftest1.err
configure:8719: $? = 0
configure:8722: /usr/bin/clang -g -O2  -Wno-error -c conftest.c 2>conftest2.err
configure:8725: $? = 0
configure:8736: result: -Wno-error
configure:8776: /usr/bin/clang -g -O2  -E conftest.c > conftest.out
configure:8779: $? = 0
configure:8826: checking for alloca as a compiler built-in
configure:8854: result: yes
configure:8928: checking for getloadavg
configure:8928: /usr/bin/clang -o conftest -g -O2   conftest.c  >&5
configure:8928: $? = 0
configure:8928: result: yes
configure:9339: checking for sys/loadavg.h
configure:9339: /usr/bin/clang -c -g -O2  conftest.c >&5
conftest.c:79:10: fatal error: 'sys/loadavg.h' file not found
   79 | #include <sys/loadavg.h>
      |          ^~~~~~~~~~~~~~~
1 error generated.
configure:9339: $? = 1
configure: failed program was:
| /* confdefs.h */
| #define PACKAGE_NAME "GNU Make"
| #define PACKAGE_TARNAME "make"
| #define PACKAGE_VERSION "4.4.1"
| #define PACKAGE_STRING "GNU Make 4.4.1"
| #define PACKAGE_BUGREPORT "bug-make@gnu.org"
| #define PACKAGE_URL "https://www.gnu.org/software/make/"
| #define PACKAGE "make"
| #define VERSION "4.4.1"
| #define HAVE_STDIO_H 1
| #define HAVE_STDLIB_H 1
| #define HAVE_STRING_H 1
| #define HAVE_INTTYPES_H 1
| #define HAVE_STDINT_H 1
| #define HAVE_STRINGS_H 1
| #define HAVE_SYS_STAT_H 1
| #define HAVE_SYS_TYPES_H 1
| #define HAVE_UNISTD_H 1
| #define HAVE_WCHAR_H 1
| #define HAVE_SYS_PARAM_H 1
| #define HAVE_STDBOOL_H 1
| #define STDC_HEADERS 1
| #define _ALL_SOURCE 1
| #define _DARWIN_C_SOURCE 1
| #define _GNU_SOURCE 1
| #define _HPUX_ALT_XOPEN_SOCKET_API 1
| #define _NETBSD_SOURCE 1
| #define _OPENBSD_SOURCE 1
| #define _POSIX_PTHREAD_SEMANTICS 1
| #define __STDC_WANT_IEC_60559_ATTRIBS_EXT__ 1
| #define __STDC_WANT_IEC_60559_BFP_EXT__ 1
| #define __STDC_WANT_IEC_60559_DFP_EXT__ 1
| #define __STDC_WANT_IEC_60559_EXT__ 1
| #define __STDC_WANT_IEC_60559_FUNCS_EXT__ 1
| #define __STDC_WANT_IEC_60559_TYPES_EXT__ 1
| #define __STDC_WANT_LIB_EXT2__ 1
| #define __STDC_WANT_MATH_SPEC_FUNCS__ 1
| #define _TANDEM_SOURCE 1
| #define __EXTENSIONS__ 1
| #define MAKE_CXX "/usr/bin/clang++"
| #define HAVE_ALLOCA_H 1
| #define HAVE_ALLOCA 1
| #ifndef __x86_64__
| #define __x86_64__ 1
| #endif
| #ifndef __x86_64__
| #define __x86_64__ 1
| #endif
| #define HAVE_ALLOCA 1
| /* end confdefs.h.  */
| #include <stddef.h>
| #ifdef HAVE_STDIO_H
| # include <stdio.h>
| #endif
| #ifdef HAVE_STDLIB_H
| # include <stdlib.h>
| #endif
| #ifdef HAVE_STRING_H
| # include <string.h>
| #endif
| #ifdef HAVE_INTTYPES_H
| # include <inttypes.h>
| #endif
| #ifdef HAVE_STDINT_H
| # include <stdint.h>
| #endif
| #ifdef HAVE_STRINGS_H
| # include <strings.h>
| #endif
| #ifdef HAVE_SYS_TYPES_H
| # include <sys/types.h>
| #endif
| #ifdef HAVE_SYS_STAT_H
| # include <sys/stat.h>
| #endif
| #ifdef HAVE_UNISTD_H
| # include <unistd.h>
| #endif
| #include <sys/loadavg.h>
configure:9339: result: no
configure:9351: checking whether getloadavg is declared
configure:9351: /usr/bin/clang -c -g -O2   conftest.c >&5 -Werror=implicit-function-declaration
configure:9351: $? = 0
configure:9351: result: yes
configure:9519: checking if system libc has working GNU glob
configure:9593: /usr/bin/clang -o conftest -g -O2   conftest.c  >&5
configure:9593: $? = 0
configure:9593: ./conftest
configure:9593: $? = 0
configure:9610: result: yes
configure:9626: checking whether system uses MSDOS-style paths
configure:9648: /usr/bin/clang -c -g -O2  conftest.c >&5
conftest.c:54:1: error: unknown type name 'neither'
   54 | neither MSDOS nor Windows nor OS2
      | ^
conftest.c:54:14: error: expected ';' after top level declarator
   54 | neither MSDOS nor Windows nor OS2
      |              ^
      |              ;
2 errors generated.
configure:9648: $? = 1
configure: failed program was:
| /* confdefs.h */
| #define PACKAGE_NAME "GNU Make"
| #define PACKAGE_TARNAME "make"
| #define PACKAGE_VERSION "4.4.1"
| #define PACKAGE_STRING "GNU Make 4.4.1"
| #define PACKAGE_BUGREPORT "bug-make@gnu.org"
| #define PACKAGE_URL "https://www.gnu.org/software/make/"
| #define PACKAGE "make"
| #define VERSION "4.4.1"
| #define HAVE_STDIO_H 1
| #define HAVE_STDLIB_H 1
| #define HAVE_STRING_H 1
| #define HAVE_INTTYPES_H 1
| #define HAVE_STDINT_H 1
| #define HAVE_STRINGS_H 1
| #define HAVE_SYS_STAT_H 1
| #define HAVE_SYS_TYPES_H 1
| #define HAVE_UNISTD_H 1
| #define HAVE_WCHAR_H 1
| #define HAVE_SYS_PARAM_H 1
| #define HAVE_STDBOOL_H 1
| #define STDC_HEADERS 1
| #define _ALL_SOURCE 1
| #define _DARWIN_C_SOURCE 1
| #define _GNU_SOURCE 1
| #define _HPUX_ALT_XOPEN_SOCKET_API 1
| #define _NETBSD_SOURCE 1
| #define _OPENBSD_SOURCE 1
| #define _POSIX_PTHREAD_SEMANTICS 1
| #define __STDC_WANT_IEC_60559_ATTRIBS_EXT__ 1
| #define __STDC_WANT_IEC_60559_BFP_EXT__ 1
| #define __STDC_WANT_IEC_60559_DFP_EXT__ 1
| #define __STDC_WANT_IEC_60559_EXT__ 1
| #define __STDC_WANT_IEC_60559_FUNCS_EXT__ 1
| #define __STDC_WANT_IEC_60559_TYPES_EXT__ 1
| #define __STDC_WANT_LIB_EXT2__ 1
| #define __STDC_WANT_MATH_SPEC_FUNCS__ 1
| #define _TANDEM_SOURCE 1
| #define __EXTENSIONS__ 1
| #define MAKE_CXX "/usr/bin/clang++"
| #define HAVE_ALLOCA_H 1
| #define HAVE_ALLOCA 1
| #ifndef __x86_64__
| #define __x86_64__ 1
| #endif
| #ifndef __x86_64__
| #define __x86_64__ 1
| #endif
| #define HAVE_ALLOCA 1
| #define GNULIB_TEST_GETLOADAVG 1
| /* end confdefs.h.  */
| 
| #if !defined _WIN32 && !defined __WIN32__ && !defined __MSDOS__ && !defined __EMX__ && !defined __MSYS__ && !defined __CYGWIN__
| neither MSDOS nor Windows nor OS2
| #endif
| 
| int
| main (void)
| {
| 
|   ;
|   return 0;
| }
configure:9658: result: no
configure:9669: checking for bool, true, false
configure:9684: /usr/bin/clang -c -g -O2  conftest.c >&5
conftest.c:54:13: error: "true == false"
   54 |            #error "true == false"
      |             ^
conftest.c:56:18: error: unknown type name 'bool'
   56 |           extern bool b;
      |                  ^
conftest.c:57:11: error: unknown type name 'bool'
   57 |           bool b = true == false;
      |           ^
conftest.c:57:20: error: use of undeclared identifier 'true'
   57 |           bool b = true == false;
      |                    ^
conftest.c:57:28: error: use of undeclared identifier 'false'
   57 |           bool b = true == false;
      |                            ^
5 errors generated.
configure:9684: $? = 1
configure: failed program was:
| /* confdefs.h */
| #define PACKAGE_NAME "GNU Make"
| #define PACKAGE_TARNAME "make"
| #define PACKAGE_VERSION "4.4.1"
| #define PACKAGE_STRING "GNU Make 4.4.1"
| #define PACKAGE_BUGREPORT "bug-make@gnu.org"
| #define PACKAGE_URL "https://www.gnu.org/software/make/"
| #define PACKAGE "make"
| #define VERSION "4.4.1"
| #define HAVE_STDIO_H 1
| #define HAVE_STDLIB_H 1
| #define HAVE_STRING_H 1
| #define HAVE_INTTYPES_H 1
| #define HAVE_STDINT_H 1
| #define HAVE_STRINGS_H 1
| #define HAVE_SYS_STAT_H 1
| #define HAVE_SYS_TYPES_H 1
| #define HAVE_UNISTD_H 1
| #define HAVE_WCHAR_H 1
| #define HAVE_SYS_PARAM_H 1
| #define HAVE_STDBOOL_H 1
| #define STDC_HEADERS 1
| #define _ALL_SOURCE 1
| #define _DARWIN_C_SOURCE 1
| #define _GNU_SOURCE 1
| #define _HPUX_ALT_XOPEN_SOCKET_API 1
| #define _NETBSD_SOURCE 1
| #define _OPENBSD_SOURCE 1
| #define _POSIX_PTHREAD_SEMANTICS 1
| #define __STDC_WANT_IEC_60559_ATTRIBS_EXT__ 1
| #define __STDC_WANT_IEC_60559_BFP_EXT__ 1
| #define __STDC_WANT_IEC_60559_DFP_EXT__ 1
| #define __STDC_WANT_IEC_60559_EXT__ 1
| #define __STDC_WANT_IEC_60559_FUNCS_EXT__ 1
| #define __STDC_WANT_IEC_60559_TYPES_EXT__ 1
| #define __STDC_WANT_LIB_EXT2__ 1
| #define __STDC_WANT_MATH_SPEC_FUNCS__ 1
| #define _TANDEM_SOURCE 1
| #define __EXTENSIONS__ 1
| #define MAKE_CXX "/usr/bin/clang++"
| #define HAVE_ALLOCA_H 1
| #define HAVE_ALLOCA 1
| #ifndef __x86_64__
| #define __x86_64__ 1
| #endif
| #ifndef __x86_64__
| #define __x86_64__ 1
| #endif
| #define HAVE_ALLOCA 1
| #define GNULIB_TEST_GETLOADAVG 1
| /* end confdefs.h.  */
| 
|           #if true == false
|            #error "true == false"
|           #endif
|           extern bool b;
|           bool b = true == false;
configure:9694: result: no
configure:9803: checking for ranlib
configure:9836: result: ranlib
configure:9863: checking how to run the C preprocessor
configure:9934: result: /usr/bin/clang -E
configure:9948: /usr/bin/clang -E  conftest.c
configure:9948: $? = 0
configure:9964: /usr/bin/clang -E  conftest.c
conftest.c:52:10: fatal error: 'ac_nonexistent.h' file not found
   52 | #include <ac_nonexistent.h>
      |          ^~~~~~~~~~~~~~~~~~
1 error generated.
configure:9964: $? = 1
configure: failed program was:
| /* confdefs.h */
| #define PACKAGE_NAME "GNU Make"
| #define PACKAGE_TARNAME "make"
| #define PACKAGE_VERSION "4.4.1"
| #define PACKAGE_STRING "GNU Make 4.4.1"
| #define PACKAGE_BUGREPORT "bug-make@gnu.org"
| #define PACKAGE_URL "https://www.gnu.org/software/make/"
| #define PACKAGE "make"
| #define VERSION "4.4.1"
| #define HAVE_STDIO_H 1
| #define HAVE_STDLIB_H 1
| #define HAVE_STRING_H 1
| #define HAVE_INTTYPES_H 1
| #define HAVE_STDINT_H 1
| #define HAVE_STRINGS_H 1
| #define HAVE_SYS_STAT_H 1
| #define HAVE_SYS_TYPES_H 1
| #define HAVE_UNISTD_H 1
| #define HAVE_WCHAR_H 1
| #define HAVE_SYS_PARAM_H 1
| #define HAVE_STDBOOL_H 1
| #define STDC_HEADERS 1
| #define _ALL_SOURCE 1
| #define _DARWIN_C_SOURCE 1
| #define _GNU_SOURCE 1
| #define _HPUX_ALT_XOPEN_SOCKET_API 1
| #define _NETBSD_SOURCE 1
| #define _OPENBSD_SOURCE 1
| #define _POSIX_PTHREAD_SEMANTICS 1
| #define __STDC_WANT_IEC_60559_ATTRIBS_EXT__ 1
| #define __STDC_WANT_IEC_60559_BFP_EXT__ 1
| #define __STDC_WANT_IEC_60559_DFP_EXT__ 1
| #define __STDC_WANT_IEC_60559_EXT__ 1
| #define __STDC_WANT_IEC_60559_FUNCS_EXT__ 1
| #define __STDC_WANT_IEC_60559_TYPES_EXT__ 1
| #define __STDC_WANT_LIB_EXT2__ 1
| #define __STDC_WANT_MATH_SPEC_FUNCS__ 1
| #define _TANDEM_SOURCE 1
| #define __EXTENSIONS__ 1
| #define MAKE_CXX "/usr/bin/clang++"
| #define HAVE_ALLOCA_H 1
| #define HAVE_ALLOCA 1
| #ifndef __x86_64__
| #define __x86_64__ 1
| #endif
| #ifndef __x86_64__
| #define __x86_64__ 1
| #endif
| #define HAVE_ALLOCA 1
| #define GNULIB_TEST_GETLOADAVG 1
| /* end confdefs.h.  */
| #include <ac_nonexistent.h>
configure:9998: checking for ar
configure:10032: result: /usr/bin/ar
configure:10043: checking for perl
configure:10064: found /usr/bin/perl
configure:10077: result: perl
configure:10088: checking whether byte ordering is bigendian
configure:10104: /usr/bin/clang -c -g -O2  conftest.c >&5
conftest.c:53:9: error: unknown type name 'not'
   53 |                not a universal capable compiler
      |                ^
conftest.c:53:14: error: expected ';' after top level declarator
   53 |                not a universal capable compiler
      |                     ^
      |                     ;
2 errors generated.
configure:10104: $? = 1
configure: failed program was:
| /* confdefs.h */
| #define PACKAGE_NAME "GNU Make"
| #define PACKAGE_TARNAME "make"
| #define PACKAGE_VERSION "4.4.1"
| #define PACKAGE_STRING "GNU Make 4.4.1"
| #define PACKAGE_BUGREPORT "bug-make@gnu.org"
| #define PACKAGE_URL "https://www.gnu.org/software/make/"
| #define PACKAGE "make"
| #define VERSION "4.4.1"
| #define HAVE_STDIO_H 1
| #define HAVE_STDLIB_H 1
| #define HAVE_STRING_H 1
| #define HAVE_INTTYPES_H 1
| #define HAVE_STDINT_H 1
| #define HAVE_STRINGS_H 1
| #define HAVE_SYS_STAT_H 1
| #define HAVE_SYS_TYPES_H 1
| #define HAVE_UNISTD_H 1
| #define HAVE_WCHAR_H 1
| #define HAVE_SYS_PARAM_H 1
| #define HAVE_STDBOOL_H 1
| #define STDC_HEADERS 1
| #define _ALL_SOURCE 1
| #define _DARWIN_C_SOURCE 1
| #define _GNU_SOURCE 1
| #define _HPUX_ALT_XOPEN_SOCKET_API 1
| #define _NETBSD_SOURCE 1
| #define _OPENBSD_SOURCE 1
| #define _POSIX_PTHREAD_SEMANTICS 1
| #define __STDC_WANT_IEC_60559_ATTRIBS_EXT__ 1
| #define __STDC_WANT_IEC_60559_BFP_EXT__ 1
| #define __STDC_WANT_IEC_60559_DFP_EXT__ 1
| #define __STDC_WANT_IEC_60559_EXT__ 1
| #define __STDC_WANT_IEC_60559_FUNCS_EXT__ 1
| #define __STDC_WANT_IEC_60559_TYPES_EXT__ 1
| #define __STDC_WANT_LIB_EXT2__ 1
| #define __STDC_WANT_MATH_SPEC_FUNCS__ 1
| #define _TANDEM_SOURCE 1
| #define __EXTENSIONS__ 1
| #define MAKE_CXX "/usr/bin/clang++"
| #define HAVE_ALLOCA_H 1
| #define HAVE_ALLOCA 1
| #ifndef __x86_64__
| #define __x86_64__ 1
| #endif
| #ifndef __x86_64__
| #define __x86_64__ 1
| #endif
| #define HAVE_ALLOCA 1
| #define GNULIB_TEST_GETLOADAVG 1
| /* end confdefs.h.  */
| #ifndef __APPLE_CC__
| 	       not a universal capable compiler
| 	     #endif
| 	     typedef int dummy;
| 
configure:10150: /usr/bin/clang -c -g -O2  conftest.c >&5
configure:10150: $? = 0
configure:10169: /usr/bin/clang -c -g -O2  conftest.c >&5
conftest.c:59:4: error: use of undeclared identifier 'not'
   59 |                  not big endian
      |                  ^
1 error generated.
configure:10169: $? = 1
configure: failed program was:
| /* confdefs.h */
| #define PACKAGE_NAME "GNU Make"
| #define PACKAGE_TARNAME "make"
| #define PACKAGE_VERSION "4.4.1"
| #define PACKAGE_STRING "GNU Make 4.4.1"
| #define PACKAGE_BUGREPORT "bug-make@gnu.org"
| #define PACKAGE_URL "https://www.gnu.org/software/make/"
| #define PACKAGE "make"
| #define VERSION "4.4.1"
| #define HAVE_STDIO_H 1
| #define HAVE_STDLIB_H 1
| #define HAVE_STRING_H 1
| #define HAVE_INTTYPES_H 1
| #define HAVE_STDINT_H 1
| #define HAVE_STRINGS_H 1
| #define HAVE_SYS_STAT_H 1
| #define HAVE_SYS_TYPES_H 1
| #define HAVE_UNISTD_H 1
| #define HAVE_WCHAR_H 1
| #define HAVE_SYS_PARAM_H 1
| #define HAVE_STDBOOL_H 1
| #define STDC_HEADERS 1
| #define _ALL_SOURCE 1
| #define _DARWIN_C_SOURCE 1
| #define _GNU_SOURCE 1
| #define _HPUX_ALT_XOPEN_SOCKET_API 1
| #define _NETBSD_SOURCE 1
| #define _OPENBSD_SOURCE 1
| #define _POSIX_PTHREAD_SEMANTICS 1
| #define __STDC_WANT_IEC_60559_ATTRIBS_EXT__ 1
| #define __STDC_WANT_IEC_60559_BFP_EXT__ 1
| #define __STDC_WANT_IEC_60559_DFP_EXT__ 1
| #define __STDC_WANT_IEC_60559_EXT__ 1
| #define __STDC_WANT_IEC_60559_FUNCS_EXT__ 1
| #define __STDC_WANT_IEC_60559_TYPES_EXT__ 1
| #define __STDC_WANT_LIB_EXT2__ 1
| #define __STDC_WANT_MATH_SPEC_FUNCS__ 1
| #define _TANDEM_SOURCE 1
| #define __EXTENSIONS__ 1
| #define MAKE_CXX "/usr/bin/clang++"
| #define HAVE_ALLOCA_H 1
| #define HAVE_ALLOCA 1
| #ifndef __x86_64__
| #define __x86_64__ 1
| #endif
| #ifndef __x86_64__
| #define __x86_64__ 1
| #endif
| #define HAVE_ALLOCA 1
| #define GNULIB_TEST_GETLOADAVG 1
| /* end confdefs.h.  */
| #include <sys/types.h>
| 		#include <sys/param.h>
| 
| int
| main (void)
| {
| #if BYTE_ORDER != BIG_ENDIAN
| 		 not big endian
| 		#endif
| 
|   ;
|   return 0;
| }
configure:10310: result: no
configure:10331: checking for a sed that does not truncate output
configure:10403: result: /usr/bin/sed
configure:10409: checking whether NLS is requested
configure:10420: result: yes
configure:10460: checking for msgfmt
configure:10497: result: no
configure:10503: checking for gmsgfmt
configure:10540: result: :
configure:10590: checking for xgettext
configure:10627: result: no
configure:10669: checking for msgmerge
configure:10705: result: no
configure:10762: checking for ld used by /usr/bin/clang
configure:10831: result: /usr/bin/ld.lld
configure:10838: checking if the linker (/usr/bin/ld.lld) is GNU ld
configure:10855: result: yes
configure:10863: checking for shared library run path origin
configure:10878: result: done
configure:11457: checking for CFPreferencesCopyAppValue
configure:11476: /usr/bin/clang -o conftest -g -O2   conftest.c  -Wl,-framework -Wl,CoreFoundation >&5
conftest.c:52:10: fatal error: 'CoreFoundation/CFPreferences.h' file not found
   52 | #include <CoreFoundation/CFPreferences.h>
      |          ^~~~~~~~~~~~~~~~~~~~~~~~~~~~~~~~
1 error generated.
configure:11476: $? = 1
configure: failed program was:
| /* confdefs.h */
| #define PACKAGE_NAME "GNU Make"
| #define PACKAGE_TARNAME "make"
| #define PACKAGE_VERSION "4.4.1"
| #define PACKAGE_STRING "GNU Make 4.4.1"
| #define PACKAGE_BUGREPORT "bug-make@gnu.org"
| #define PACKAGE_URL "https://www.gnu.org/software/make/"
| #define PACKAGE "make"
| #define VERSION "4.4.1"
| #define HAVE_STDIO_H 1
| #define HAVE_STDLIB_H 1
| #define HAVE_STRING_H 1
| #define HAVE_INTTYPES_H 1
| #define HAVE_STDINT_H 1
| #define HAVE_STRINGS_H 1
| #define HAVE_SYS_STAT_H 1
| #define HAVE_SYS_TYPES_H 1
| #define HAVE_UNISTD_H 1
| #define HAVE_WCHAR_H 1
| #define HAVE_SYS_PARAM_H 1
| #define HAVE_STDBOOL_H 1
| #define STDC_HEADERS 1
| #define _ALL_SOURCE 1
| #define _DARWIN_C_SOURCE 1
| #define _GNU_SOURCE 1
| #define _HPUX_ALT_XOPEN_SOCKET_API 1
| #define _NETBSD_SOURCE 1
| #define _OPENBSD_SOURCE 1
| #define _POSIX_PTHREAD_SEMANTICS 1
| #define __STDC_WANT_IEC_60559_ATTRIBS_EXT__ 1
| #define __STDC_WANT_IEC_60559_BFP_EXT__ 1
| #define __STDC_WANT_IEC_60559_DFP_EXT__ 1
| #define __STDC_WANT_IEC_60559_EXT__ 1
| #define __STDC_WANT_IEC_60559_FUNCS_EXT__ 1
| #define __STDC_WANT_IEC_60559_TYPES_EXT__ 1
| #define __STDC_WANT_LIB_EXT2__ 1
| #define __STDC_WANT_MATH_SPEC_FUNCS__ 1
| #define _TANDEM_SOURCE 1
| #define __EXTENSIONS__ 1
| #define MAKE_CXX "/usr/bin/clang++"
| #define HAVE_ALLOCA_H 1
| #define HAVE_ALLOCA 1
| #ifndef __x86_64__
| #define __x86_64__ 1
| #endif
| #ifndef __x86_64__
| #define __x86_64__ 1
| #endif
| #define HAVE_ALLOCA 1
| #define GNULIB_TEST_GETLOADAVG 1
| /* end confdefs.h.  */
| #include <CoreFoundation/CFPreferences.h>
| int
| main (void)
| {
| CFPreferencesCopyAppValue(NULL, NULL)
|   ;
|   return 0;
| }
configure:11488: result: no
configure:11495: checking for CFLocaleCopyCurrent
configure:11514: /usr/bin/clang -o conftest -g -O2   conftest.c  -Wl,-framework -Wl,CoreFoundation >&5
conftest.c:52:10: fatal error: 'CoreFoundation/CFLocale.h' file not found
   52 | #include <CoreFoundation/CFLocale.h>
      |          ^~~~~~~~~~~~~~~~~~~~~~~~~~~
1 error generated.
configure:11514: $? = 1
configure: failed program was:
| /* confdefs.h */
| #define PACKAGE_NAME "GNU Make"
| #define PACKAGE_TARNAME "make"
| #define PACKAGE_VERSION "4.4.1"
| #define PACKAGE_STRING "GNU Make 4.4.1"
| #define PACKAGE_BUGREPORT "bug-make@gnu.org"
| #define PACKAGE_URL "https://www.gnu.org/software/make/"
| #define PACKAGE "make"
| #define VERSION "4.4.1"
| #define HAVE_STDIO_H 1
| #define HAVE_STDLIB_H 1
| #define HAVE_STRING_H 1
| #define HAVE_INTTYPES_H 1
| #define HAVE_STDINT_H 1
| #define HAVE_STRINGS_H 1
| #define HAVE_SYS_STAT_H 1
| #define HAVE_SYS_TYPES_H 1
| #define HAVE_UNISTD_H 1
| #define HAVE_WCHAR_H 1
| #define HAVE_SYS_PARAM_H 1
| #define HAVE_STDBOOL_H 1
| #define STDC_HEADERS 1
| #define _ALL_SOURCE 1
| #define _DARWIN_C_SOURCE 1
| #define _GNU_SOURCE 1
| #define _HPUX_ALT_XOPEN_SOCKET_API 1
| #define _NETBSD_SOURCE 1
| #define _OPENBSD_SOURCE 1
| #define _POSIX_PTHREAD_SEMANTICS 1
| #define __STDC_WANT_IEC_60559_ATTRIBS_EXT__ 1
| #define __STDC_WANT_IEC_60559_BFP_EXT__ 1
| #define __STDC_WANT_IEC_60559_DFP_EXT__ 1
| #define __STDC_WANT_IEC_60559_EXT__ 1
| #define __STDC_WANT_IEC_60559_FUNCS_EXT__ 1
| #define __STDC_WANT_IEC_60559_TYPES_EXT__ 1
| #define __STDC_WANT_LIB_EXT2__ 1
| #define __STDC_WANT_MATH_SPEC_FUNCS__ 1
| #define _TANDEM_SOURCE 1
| #define __EXTENSIONS__ 1
| #define MAKE_CXX "/usr/bin/clang++"
| #define HAVE_ALLOCA_H 1
| #define HAVE_ALLOCA 1
| #ifndef __x86_64__
| #define __x86_64__ 1
| #endif
| #ifndef __x86_64__
| #define __x86_64__ 1
| #endif
| #define HAVE_ALLOCA 1
| #define GNULIB_TEST_GETLOADAVG 1
| /* end confdefs.h.  */
| #include <CoreFoundation/CFLocale.h>
| int
| main (void)
| {
| CFLocaleCopyCurrent();
|   ;
|   return 0;
| }
configure:11526: result: no
configure:11575: checking for GNU gettext in libc
configure:11600: /usr/bin/clang -o conftest -g -O2   conftest.c  >&5
configure:11600: $? = 0
configure:11612: result: yes
configure:12464: checking whether to use NLS
configure:12466: result: yes
configure:12469: checking where the gettext function comes from
configure:12480: result: libc
configure:12539: checking for library containing strerror
configure:12575: /usr/bin/clang -o conftest -g -O2   conftest.c  >&5
conftest.c:65:6: warning: incompatible redeclaration of library function 'strerror' [-Wincompatible-library-redeclaration]
   65 | char strerror (void);
      |      ^
conftest.c:65:6: note: 'strerror' is a builtin with type 'char *(int)'
1 warning generated.
configure:12575: $? = 0
configure:12597: result: none required
configure:12606: checking for library containing getpwnam
configure:12642: /usr/bin/clang -o conftest -g -O2   conftest.c  >&5
configure:12642: $? = 0
configure:12664: result: none required
configure:12677: checking for dirent.h that defines DIR
configure:12697: /usr/bin/clang -c -g -O2  conftest.c >&5
configure:12697: $? = 0
configure:12708: result: yes
configure:12722: checking for library containing opendir
configure:12758: /usr/bin/clang -o conftest -g -O2   conftest.c  >&5
configure:12758: $? = 0
configure:12780: result: none required
configure:12859: checking whether stat file-mode macros are broken
configure:12887: /usr/bin/clang -c -g -O2  conftest.c >&5
configure:12887: $? = 0
configure:12897: result: no
configure:12906: checking for stdlib.h
configure:12906: result: yes
configure:12912: checking for string.h
configure:12912: result: yes
configure:12918: checking for strings.h
configure:12918: result: yes
configure:12924: checking for locale.h
configure:12924: /usr/bin/clang -c -g -O2  conftest.c >&5
configure:12924: $? = 0
configure:12924: result: yes
configure:12930: checking for unistd.h
configure:12930: result: yes
configure:12936: checking for limits.h
configure:12936: /usr/bin/clang -c -g -O2  conftest.c >&5
configure:12936: $? = 0
configure:12936: result: yes
configure:12942: checking for memory.h
configure:12942: /usr/bin/clang -c -g -O2  conftest.c >&5
configure:12942: $? = 0
configure:12942: result: yes
configure:12948: checking for sys/param.h
configure:12948: result: yes
configure:12954: checking for sys/resource.h
configure:12954: /usr/bin/clang -c -g -O2  conftest.c >&5
configure:12954: $? = 0
configure:12954: result: yes
configure:12960: checking for sys/timeb.h
configure:12960: /usr/bin/clang -c -g -O2  conftest.c >&5
configure:12960: $? = 0
configure:12960: result: yes
configure:12966: checking for sys/time.h
configure:12966: /usr/bin/clang -c -g -O2  conftest.c >&5
configure:12966: $? = 0
configure:12966: result: yes
configure:12972: checking for sys/select.h
configure:12972: /usr/bin/clang -c -g -O2  conftest.c >&5
configure:12972: $? = 0
configure:12972: result: yes
configure:12978: checking for sys/file.h
configure:12978: /usr/bin/clang -c -g -O2  conftest.c >&5
configure:12978: $? = 0
configure:12978: result: yes
configure:12984: checking for fcntl.h
configure:12984: /usr/bin/clang -c -g -O2  conftest.c >&5
configure:12984: $? = 0
configure:12984: result: yes
configure:12990: checking for spawn.h
configure:12990: /usr/bin/clang -c -g -O2  conftest.c >&5
configure:12990: $? = 0
configure:12990: result: yes
configure:12999: checking for an ANSI C-conforming const
configure:13066: /usr/bin/clang -c -g -O2  conftest.c >&5
configure:13066: $? = 0
configure:13076: result: yes
configure:13084: checking for uid_t
configure:13084: /usr/bin/clang -c -g -O2  conftest.c >&5
configure:13084: $? = 0
configure:13084: /usr/bin/clang -c -g -O2  conftest.c >&5
conftest.c:102:20: error: expected expression
  102 | if (sizeof ((uid_t)))
      |                    ^
1 error generated.
configure:13084: $? = 1
configure: failed program was:
| /* confdefs.h */
| #define PACKAGE_NAME "GNU Make"
| #define PACKAGE_TARNAME "make"
| #define PACKAGE_VERSION "4.4.1"
| #define PACKAGE_STRING "GNU Make 4.4.1"
| #define PACKAGE_BUGREPORT "bug-make@gnu.org"
| #define PACKAGE_URL "https://www.gnu.org/software/make/"
| #define PACKAGE "make"
| #define VERSION "4.4.1"
| #define HAVE_STDIO_H 1
| #define HAVE_STDLIB_H 1
| #define HAVE_STRING_H 1
| #define HAVE_INTTYPES_H 1
| #define HAVE_STDINT_H 1
| #define HAVE_STRINGS_H 1
| #define HAVE_SYS_STAT_H 1
| #define HAVE_SYS_TYPES_H 1
| #define HAVE_UNISTD_H 1
| #define HAVE_WCHAR_H 1
| #define HAVE_SYS_PARAM_H 1
| #define HAVE_STDBOOL_H 1
| #define STDC_HEADERS 1
| #define _ALL_SOURCE 1
| #define _DARWIN_C_SOURCE 1
| #define _GNU_SOURCE 1
| #define _HPUX_ALT_XOPEN_SOCKET_API 1
| #define _NETBSD_SOURCE 1
| #define _OPENBSD_SOURCE 1
| #define _POSIX_PTHREAD_SEMANTICS 1
| #define __STDC_WANT_IEC_60559_ATTRIBS_EXT__ 1
| #define __STDC_WANT_IEC_60559_BFP_EXT__ 1
| #define __STDC_WANT_IEC_60559_DFP_EXT__ 1
| #define __STDC_WANT_IEC_60559_EXT__ 1
| #define __STDC_WANT_IEC_60559_FUNCS_EXT__ 1
| #define __STDC_WANT_IEC_60559_TYPES_EXT__ 1
| #define __STDC_WANT_LIB_EXT2__ 1
| #define __STDC_WANT_MATH_SPEC_FUNCS__ 1
| #define _TANDEM_SOURCE 1
| #define __EXTENSIONS__ 1
| #define MAKE_CXX "/usr/bin/clang++"
| #define HAVE_ALLOCA_H 1
| #define HAVE_ALLOCA 1
| #ifndef __x86_64__
| #define __x86_64__ 1
| #endif
| #ifndef __x86_64__
| #define __x86_64__ 1
| #endif
| #define HAVE_ALLOCA 1
| #define GNULIB_TEST_GETLOADAVG 1
| #define ENABLE_NLS 1
| #define HAVE_GETTEXT 1
| #define HAVE_DCGETTEXT 1
| #define HAVE_DIRENT_H 1
| #define HAVE_STDLIB_H 1
| #define HAVE_STRING_H 1
| #define HAVE_STRINGS_H 1
| #define HAVE_LOCALE_H 1
| #define HAVE_UNISTD_H 1
| #define HAVE_LIMITS_H 1
| #define HAVE_MEMORY_H 1
| #define HAVE_SYS_PARAM_H 1
| #define HAVE_SYS_RESOURCE_H 1
| #define HAVE_SYS_TIMEB_H 1
| #define HAVE_SYS_TIME_H 1
| #define HAVE_SYS_SELECT_H 1
| #define HAVE_SYS_FILE_H 1
| #define HAVE_FCNTL_H 1
| #define HAVE_SPAWN_H 1
| /* end confdefs.h.  */
| #include <stddef.h>
| #ifdef HAVE_STDIO_H
| # include <stdio.h>
| #endif
| #ifdef HAVE_STDLIB_H
| # include <stdlib.h>
| #endif
| #ifdef HAVE_STRING_H
| # include <string.h>
| #endif
| #ifdef HAVE_INTTYPES_H
| # include <inttypes.h>
| #endif
| #ifdef HAVE_STDINT_H
| # include <stdint.h>
| #endif
| #ifdef HAVE_STRINGS_H
| # include <strings.h>
| #endif
| #ifdef HAVE_SYS_TYPES_H
| # include <sys/types.h>
| #endif
| #ifdef HAVE_SYS_STAT_H
| # include <sys/stat.h>
| #endif
| #ifdef HAVE_UNISTD_H
| # include <unistd.h>
| #endif
| int
| main (void)
| {
| if (sizeof ((uid_t)))
| 	    return 0;
|   ;
|   return 0;
| }
configure:13084: result: yes
configure:13095: checking for gid_t
configure:13095: /usr/bin/clang -c -g -O2  conftest.c >&5
configure:13095: $? = 0
configure:13095: /usr/bin/clang -c -g -O2  conftest.c >&5
conftest.c:102:20: error: expected expression
  102 | if (sizeof ((gid_t)))
      |                    ^
1 error generated.
configure:13095: $? = 1
configure: failed program was:
| /* confdefs.h */
| #define PACKAGE_NAME "GNU Make"
| #define PACKAGE_TARNAME "make"
| #define PACKAGE_VERSION "4.4.1"
| #define PACKAGE_STRING "GNU Make 4.4.1"
| #define PACKAGE_BUGREPORT "bug-make@gnu.org"
| #define PACKAGE_URL "https://www.gnu.org/software/make/"
| #define PACKAGE "make"
| #define VERSION "4.4.1"
| #define HAVE_STDIO_H 1
| #define HAVE_STDLIB_H 1
| #define HAVE_STRING_H 1
| #define HAVE_INTTYPES_H 1
| #define HAVE_STDINT_H 1
| #define HAVE_STRINGS_H 1
| #define HAVE_SYS_STAT_H 1
| #define HAVE_SYS_TYPES_H 1
| #define HAVE_UNISTD_H 1
| #define HAVE_WCHAR_H 1
| #define HAVE_SYS_PARAM_H 1
| #define HAVE_STDBOOL_H 1
| #define STDC_HEADERS 1
| #define _ALL_SOURCE 1
| #define _DARWIN_C_SOURCE 1
| #define _GNU_SOURCE 1
| #define _HPUX_ALT_XOPEN_SOCKET_API 1
| #define _NETBSD_SOURCE 1
| #define _OPENBSD_SOURCE 1
| #define _POSIX_PTHREAD_SEMANTICS 1
| #define __STDC_WANT_IEC_60559_ATTRIBS_EXT__ 1
| #define __STDC_WANT_IEC_60559_BFP_EXT__ 1
| #define __STDC_WANT_IEC_60559_DFP_EXT__ 1
| #define __STDC_WANT_IEC_60559_EXT__ 1
| #define __STDC_WANT_IEC_60559_FUNCS_EXT__ 1
| #define __STDC_WANT_IEC_60559_TYPES_EXT__ 1
| #define __STDC_WANT_LIB_EXT2__ 1
| #define __STDC_WANT_MATH_SPEC_FUNCS__ 1
| #define _TANDEM_SOURCE 1
| #define __EXTENSIONS__ 1
| #define MAKE_CXX "/usr/bin/clang++"
| #define HAVE_ALLOCA_H 1
| #define HAVE_ALLOCA 1
| #ifndef __x86_64__
| #define __x86_64__ 1
| #endif
| #ifndef __x86_64__
| #define __x86_64__ 1
| #endif
| #define HAVE_ALLOCA 1
| #define GNULIB_TEST_GETLOADAVG 1
| #define ENABLE_NLS 1
| #define HAVE_GETTEXT 1
| #define HAVE_DCGETTEXT 1
| #define HAVE_DIRENT_H 1
| #define HAVE_STDLIB_H 1
| #define HAVE_STRING_H 1
| #define HAVE_STRINGS_H 1
| #define HAVE_LOCALE_H 1
| #define HAVE_UNISTD_H 1
| #define HAVE_LIMITS_H 1
| #define HAVE_MEMORY_H 1
| #define HAVE_SYS_PARAM_H 1
| #define HAVE_SYS_RESOURCE_H 1
| #define HAVE_SYS_TIMEB_H 1
| #define HAVE_SYS_TIME_H 1
| #define HAVE_SYS_SELECT_H 1
| #define HAVE_SYS_FILE_H 1
| #define HAVE_FCNTL_H 1
| #define HAVE_SPAWN_H 1
| /* end confdefs.h.  */
| #include <stddef.h>
| #ifdef HAVE_STDIO_H
| # include <stdio.h>
| #endif
| #ifdef HAVE_STDLIB_H
| # include <stdlib.h>
| #endif
| #ifdef HAVE_STRING_H
| # include <string.h>
| #endif
| #ifdef HAVE_INTTYPES_H
| # include <inttypes.h>
| #endif
| #ifdef HAVE_STDINT_H
| # include <stdint.h>
| #endif
| #ifdef HAVE_STRINGS_H
| # include <strings.h>
| #endif
| #ifdef HAVE_SYS_TYPES_H
| # include <sys/types.h>
| #endif
| #ifdef HAVE_SYS_STAT_H
| # include <sys/stat.h>
| #endif
| #ifdef HAVE_UNISTD_H
| # include <unistd.h>
| #endif
| int
| main (void)
| {
| if (sizeof ((gid_t)))
| 	    return 0;
|   ;
|   return 0;
| }
configure:13095: result: yes
configure:13107: checking for pid_t
configure:13107: /usr/bin/clang -c -g -O2  conftest.c >&5
configure:13107: $? = 0
configure:13107: /usr/bin/clang -c -g -O2  conftest.c >&5
conftest.c:103:20: error: expected expression
  103 | if (sizeof ((pid_t)))
      |                    ^
1 error generated.
configure:13107: $? = 1
configure: failed program was:
| /* confdefs.h */
| #define PACKAGE_NAME "GNU Make"
| #define PACKAGE_TARNAME "make"
| #define PACKAGE_VERSION "4.4.1"
| #define PACKAGE_STRING "GNU Make 4.4.1"
| #define PACKAGE_BUGREPORT "bug-make@gnu.org"
| #define PACKAGE_URL "https://www.gnu.org/software/make/"
| #define PACKAGE "make"
| #define VERSION "4.4.1"
| #define HAVE_STDIO_H 1
| #define HAVE_STDLIB_H 1
| #define HAVE_STRING_H 1
| #define HAVE_INTTYPES_H 1
| #define HAVE_STDINT_H 1
| #define HAVE_STRINGS_H 1
| #define HAVE_SYS_STAT_H 1
| #define HAVE_SYS_TYPES_H 1
| #define HAVE_UNISTD_H 1
| #define HAVE_WCHAR_H 1
| #define HAVE_SYS_PARAM_H 1
| #define HAVE_STDBOOL_H 1
| #define STDC_HEADERS 1
| #define _ALL_SOURCE 1
| #define _DARWIN_C_SOURCE 1
| #define _GNU_SOURCE 1
| #define _HPUX_ALT_XOPEN_SOCKET_API 1
| #define _NETBSD_SOURCE 1
| #define _OPENBSD_SOURCE 1
| #define _POSIX_PTHREAD_SEMANTICS 1
| #define __STDC_WANT_IEC_60559_ATTRIBS_EXT__ 1
| #define __STDC_WANT_IEC_60559_BFP_EXT__ 1
| #define __STDC_WANT_IEC_60559_DFP_EXT__ 1
| #define __STDC_WANT_IEC_60559_EXT__ 1
| #define __STDC_WANT_IEC_60559_FUNCS_EXT__ 1
| #define __STDC_WANT_IEC_60559_TYPES_EXT__ 1
| #define __STDC_WANT_LIB_EXT2__ 1
| #define __STDC_WANT_MATH_SPEC_FUNCS__ 1
| #define _TANDEM_SOURCE 1
| #define __EXTENSIONS__ 1
| #define MAKE_CXX "/usr/bin/clang++"
| #define HAVE_ALLOCA_H 1
| #define HAVE_ALLOCA 1
| #ifndef __x86_64__
| #define __x86_64__ 1
| #endif
| #ifndef __x86_64__
| #define __x86_64__ 1
| #endif
| #define HAVE_ALLOCA 1
| #define GNULIB_TEST_GETLOADAVG 1
| #define ENABLE_NLS 1
| #define HAVE_GETTEXT 1
| #define HAVE_DCGETTEXT 1
| #define HAVE_DIRENT_H 1
| #define HAVE_STDLIB_H 1
| #define HAVE_STRING_H 1
| #define HAVE_STRINGS_H 1
| #define HAVE_LOCALE_H 1
| #define HAVE_UNISTD_H 1
| #define HAVE_LIMITS_H 1
| #define HAVE_MEMORY_H 1
| #define HAVE_SYS_PARAM_H 1
| #define HAVE_SYS_RESOURCE_H 1
| #define HAVE_SYS_TIMEB_H 1
| #define HAVE_SYS_TIME_H 1
| #define HAVE_SYS_SELECT_H 1
| #define HAVE_SYS_FILE_H 1
| #define HAVE_FCNTL_H 1
| #define HAVE_SPAWN_H 1
| /* end confdefs.h.  */
| #include <stddef.h>
| #ifdef HAVE_STDIO_H
| # include <stdio.h>
| #endif
| #ifdef HAVE_STDLIB_H
| # include <stdlib.h>
| #endif
| #ifdef HAVE_STRING_H
| # include <string.h>
| #endif
| #ifdef HAVE_INTTYPES_H
| # include <inttypes.h>
| #endif
| #ifdef HAVE_STDINT_H
| # include <stdint.h>
| #endif
| #ifdef HAVE_STRINGS_H
| # include <strings.h>
| #endif
| #ifdef HAVE_SYS_TYPES_H
| # include <sys/types.h>
| #endif
| #ifdef HAVE_SYS_STAT_H
| # include <sys/stat.h>
| #endif
| #ifdef HAVE_UNISTD_H
| # include <unistd.h>
| #endif
| 
| int
| main (void)
| {
| if (sizeof ((pid_t)))
| 	    return 0;
|   ;
|   return 0;
| }
configure:13107: result: yes
configure:13145: checking for off_t
configure:13145: /usr/bin/clang -c -g -O2  conftest.c >&5
configure:13145: $? = 0
configure:13145: /usr/bin/clang -c -g -O2  conftest.c >&5
conftest.c:102:20: error: expected expression
  102 | if (sizeof ((off_t)))
      |                    ^
1 error generated.
configure:13145: $? = 1
configure: failed program was:
| /* confdefs.h */
| #define PACKAGE_NAME "GNU Make"
| #define PACKAGE_TARNAME "make"
| #define PACKAGE_VERSION "4.4.1"
| #define PACKAGE_STRING "GNU Make 4.4.1"
| #define PACKAGE_BUGREPORT "bug-make@gnu.org"
| #define PACKAGE_URL "https://www.gnu.org/software/make/"
| #define PACKAGE "make"
| #define VERSION "4.4.1"
| #define HAVE_STDIO_H 1
| #define HAVE_STDLIB_H 1
| #define HAVE_STRING_H 1
| #define HAVE_INTTYPES_H 1
| #define HAVE_STDINT_H 1
| #define HAVE_STRINGS_H 1
| #define HAVE_SYS_STAT_H 1
| #define HAVE_SYS_TYPES_H 1
| #define HAVE_UNISTD_H 1
| #define HAVE_WCHAR_H 1
| #define HAVE_SYS_PARAM_H 1
| #define HAVE_STDBOOL_H 1
| #define STDC_HEADERS 1
| #define _ALL_SOURCE 1
| #define _DARWIN_C_SOURCE 1
| #define _GNU_SOURCE 1
| #define _HPUX_ALT_XOPEN_SOCKET_API 1
| #define _NETBSD_SOURCE 1
| #define _OPENBSD_SOURCE 1
| #define _POSIX_PTHREAD_SEMANTICS 1
| #define __STDC_WANT_IEC_60559_ATTRIBS_EXT__ 1
| #define __STDC_WANT_IEC_60559_BFP_EXT__ 1
| #define __STDC_WANT_IEC_60559_DFP_EXT__ 1
| #define __STDC_WANT_IEC_60559_EXT__ 1
| #define __STDC_WANT_IEC_60559_FUNCS_EXT__ 1
| #define __STDC_WANT_IEC_60559_TYPES_EXT__ 1
| #define __STDC_WANT_LIB_EXT2__ 1
| #define __STDC_WANT_MATH_SPEC_FUNCS__ 1
| #define _TANDEM_SOURCE 1
| #define __EXTENSIONS__ 1
| #define MAKE_CXX "/usr/bin/clang++"
| #define HAVE_ALLOCA_H 1
| #define HAVE_ALLOCA 1
| #ifndef __x86_64__
| #define __x86_64__ 1
| #endif
| #ifndef __x86_64__
| #define __x86_64__ 1
| #endif
| #define HAVE_ALLOCA 1
| #define GNULIB_TEST_GETLOADAVG 1
| #define ENABLE_NLS 1
| #define HAVE_GETTEXT 1
| #define HAVE_DCGETTEXT 1
| #define HAVE_DIRENT_H 1
| #define HAVE_STDLIB_H 1
| #define HAVE_STRING_H 1
| #define HAVE_STRINGS_H 1
| #define HAVE_LOCALE_H 1
| #define HAVE_UNISTD_H 1
| #define HAVE_LIMITS_H 1
| #define HAVE_MEMORY_H 1
| #define HAVE_SYS_PARAM_H 1
| #define HAVE_SYS_RESOURCE_H 1
| #define HAVE_SYS_TIMEB_H 1
| #define HAVE_SYS_TIME_H 1
| #define HAVE_SYS_SELECT_H 1
| #define HAVE_SYS_FILE_H 1
| #define HAVE_FCNTL_H 1
| #define HAVE_SPAWN_H 1
| /* end confdefs.h.  */
| #include <stddef.h>
| #ifdef HAVE_STDIO_H
| # include <stdio.h>
| #endif
| #ifdef HAVE_STDLIB_H
| # include <stdlib.h>
| #endif
| #ifdef HAVE_STRING_H
| # include <string.h>
| #endif
| #ifdef HAVE_INTTYPES_H
| # include <inttypes.h>
| #endif
| #ifdef HAVE_STDINT_H
| # include <stdint.h>
| #endif
| #ifdef HAVE_STRINGS_H
| # include <strings.h>
| #endif
| #ifdef HAVE_SYS_TYPES_H
| # include <sys/types.h>
| #endif
| #ifdef HAVE_SYS_STAT_H
| # include <sys/stat.h>
| #endif
| #ifdef HAVE_UNISTD_H
| # include <unistd.h>
| #endif
| int
| main (void)
| {
| if (sizeof ((off_t)))
| 	    return 0;
|   ;
|   return 0;
| }
configure:13145: result: yes
configure:13156: checking for size_t
configure:13156: result: yes
configure:13167: checking for ssize_t
configure:13167: /usr/bin/clang -c -g -O2  conftest.c >&5
configure:13167: $? = 0
configure:13167: /usr/bin/clang -c -g -O2  conftest.c >&5
conftest.c:102:22: error: expected expression
  102 | if (sizeof ((ssize_t)))
      |                      ^
1 error generated.
configure:13167: $? = 1
configure: failed program was:
| /* confdefs.h */
| #define PACKAGE_NAME "GNU Make"
| #define PACKAGE_TARNAME "make"
| #define PACKAGE_VERSION "4.4.1"
| #define PACKAGE_STRING "GNU Make 4.4.1"
| #define PACKAGE_BUGREPORT "bug-make@gnu.org"
| #define PACKAGE_URL "https://www.gnu.org/software/make/"
| #define PACKAGE "make"
| #define VERSION "4.4.1"
| #define HAVE_STDIO_H 1
| #define HAVE_STDLIB_H 1
| #define HAVE_STRING_H 1
| #define HAVE_INTTYPES_H 1
| #define HAVE_STDINT_H 1
| #define HAVE_STRINGS_H 1
| #define HAVE_SYS_STAT_H 1
| #define HAVE_SYS_TYPES_H 1
| #define HAVE_UNISTD_H 1
| #define HAVE_WCHAR_H 1
| #define HAVE_SYS_PARAM_H 1
| #define HAVE_STDBOOL_H 1
| #define STDC_HEADERS 1
| #define _ALL_SOURCE 1
| #define _DARWIN_C_SOURCE 1
| #define _GNU_SOURCE 1
| #define _HPUX_ALT_XOPEN_SOCKET_API 1
| #define _NETBSD_SOURCE 1
| #define _OPENBSD_SOURCE 1
| #define _POSIX_PTHREAD_SEMANTICS 1
| #define __STDC_WANT_IEC_60559_ATTRIBS_EXT__ 1
| #define __STDC_WANT_IEC_60559_BFP_EXT__ 1
| #define __STDC_WANT_IEC_60559_DFP_EXT__ 1
| #define __STDC_WANT_IEC_60559_EXT__ 1
| #define __STDC_WANT_IEC_60559_FUNCS_EXT__ 1
| #define __STDC_WANT_IEC_60559_TYPES_EXT__ 1
| #define __STDC_WANT_LIB_EXT2__ 1
| #define __STDC_WANT_MATH_SPEC_FUNCS__ 1
| #define _TANDEM_SOURCE 1
| #define __EXTENSIONS__ 1
| #define MAKE_CXX "/usr/bin/clang++"
| #define HAVE_ALLOCA_H 1
| #define HAVE_ALLOCA 1
| #ifndef __x86_64__
| #define __x86_64__ 1
| #endif
| #ifndef __x86_64__
| #define __x86_64__ 1
| #endif
| #define HAVE_ALLOCA 1
| #define GNULIB_TEST_GETLOADAVG 1
| #define ENABLE_NLS 1
| #define HAVE_GETTEXT 1
| #define HAVE_DCGETTEXT 1
| #define HAVE_DIRENT_H 1
| #define HAVE_STDLIB_H 1
| #define HAVE_STRING_H 1
| #define HAVE_STRINGS_H 1
| #define HAVE_LOCALE_H 1
| #define HAVE_UNISTD_H 1
| #define HAVE_LIMITS_H 1
| #define HAVE_MEMORY_H 1
| #define HAVE_SYS_PARAM_H 1
| #define HAVE_SYS_RESOURCE_H 1
| #define HAVE_SYS_TIMEB_H 1
| #define HAVE_SYS_TIME_H 1
| #define HAVE_SYS_SELECT_H 1
| #define HAVE_SYS_FILE_H 1
| #define HAVE_FCNTL_H 1
| #define HAVE_SPAWN_H 1
| /* end confdefs.h.  */
| #include <stddef.h>
| #ifdef HAVE_STDIO_H
| # include <stdio.h>
| #endif
| #ifdef HAVE_STDLIB_H
| # include <stdlib.h>
| #endif
| #ifdef HAVE_STRING_H
| # include <string.h>
| #endif
| #ifdef HAVE_INTTYPES_H
| # include <inttypes.h>
| #endif
| #ifdef HAVE_STDINT_H
| # include <stdint.h>
| #endif
| #ifdef HAVE_STRINGS_H
| # include <strings.h>
| #endif
| #ifdef HAVE_SYS_TYPES_H
| # include <sys/types.h>
| #endif
| #ifdef HAVE_SYS_STAT_H
| # include <sys/stat.h>
| #endif
| #ifdef HAVE_UNISTD_H
| # include <unistd.h>
| #endif
| int
| main (void)
| {
| if (sizeof ((ssize_t)))
| 	    return 0;
|   ;
|   return 0;
| }
configure:13167: result: yes
configure:13179: checking for unsigned long long int
configure:13221: /usr/bin/clang -o conftest -g -O2   conftest.c  >&5
configure:13221: $? = 0
configure:13233: result: yes
configure:13243: checking for long long int
configure:13285: /usr/bin/clang -o conftest -g -O2   conftest.c  >&5
configure:13285: $? = 0
configure:13285: ./conftest
configure:13285: $? = 0
configure:13301: result: yes
configure:13311: checking for intmax_t
configure:13311: /usr/bin/clang -c -g -O2  conftest.c >&5
configure:13311: $? = 0
configure:13311: /usr/bin/clang -c -g -O2  conftest.c >&5
conftest.c:104:23: error: expected expression
  104 | if (sizeof ((intmax_t)))
      |                       ^
1 error generated.
configure:13311: $? = 1
configure: failed program was:
| /* confdefs.h */
| #define PACKAGE_NAME "GNU Make"
| #define PACKAGE_TARNAME "make"
| #define PACKAGE_VERSION "4.4.1"
| #define PACKAGE_STRING "GNU Make 4.4.1"
| #define PACKAGE_BUGREPORT "bug-make@gnu.org"
| #define PACKAGE_URL "https://www.gnu.org/software/make/"
| #define PACKAGE "make"
| #define VERSION "4.4.1"
| #define HAVE_STDIO_H 1
| #define HAVE_STDLIB_H 1
| #define HAVE_STRING_H 1
| #define HAVE_INTTYPES_H 1
| #define HAVE_STDINT_H 1
| #define HAVE_STRINGS_H 1
| #define HAVE_SYS_STAT_H 1
| #define HAVE_SYS_TYPES_H 1
| #define HAVE_UNISTD_H 1
| #define HAVE_WCHAR_H 1
| #define HAVE_SYS_PARAM_H 1
| #define HAVE_STDBOOL_H 1
| #define STDC_HEADERS 1
| #define _ALL_SOURCE 1
| #define _DARWIN_C_SOURCE 1
| #define _GNU_SOURCE 1
| #define _HPUX_ALT_XOPEN_SOCKET_API 1
| #define _NETBSD_SOURCE 1
| #define _OPENBSD_SOURCE 1
| #define _POSIX_PTHREAD_SEMANTICS 1
| #define __STDC_WANT_IEC_60559_ATTRIBS_EXT__ 1
| #define __STDC_WANT_IEC_60559_BFP_EXT__ 1
| #define __STDC_WANT_IEC_60559_DFP_EXT__ 1
| #define __STDC_WANT_IEC_60559_EXT__ 1
| #define __STDC_WANT_IEC_60559_FUNCS_EXT__ 1
| #define __STDC_WANT_IEC_60559_TYPES_EXT__ 1
| #define __STDC_WANT_LIB_EXT2__ 1
| #define __STDC_WANT_MATH_SPEC_FUNCS__ 1
| #define _TANDEM_SOURCE 1
| #define __EXTENSIONS__ 1
| #define MAKE_CXX "/usr/bin/clang++"
| #define HAVE_ALLOCA_H 1
| #define HAVE_ALLOCA 1
| #ifndef __x86_64__
| #define __x86_64__ 1
| #endif
| #ifndef __x86_64__
| #define __x86_64__ 1
| #endif
| #define HAVE_ALLOCA 1
| #define GNULIB_TEST_GETLOADAVG 1
| #define ENABLE_NLS 1
| #define HAVE_GETTEXT 1
| #define HAVE_DCGETTEXT 1
| #define HAVE_DIRENT_H 1
| #define HAVE_STDLIB_H 1
| #define HAVE_STRING_H 1
| #define HAVE_STRINGS_H 1
| #define HAVE_LOCALE_H 1
| #define HAVE_UNISTD_H 1
| #define HAVE_LIMITS_H 1
| #define HAVE_MEMORY_H 1
| #define HAVE_SYS_PARAM_H 1
| #define HAVE_SYS_RESOURCE_H 1
| #define HAVE_SYS_TIMEB_H 1
| #define HAVE_SYS_TIME_H 1
| #define HAVE_SYS_SELECT_H 1
| #define HAVE_SYS_FILE_H 1
| #define HAVE_FCNTL_H 1
| #define HAVE_SPAWN_H 1
| #define HAVE_UNSIGNED_LONG_LONG_INT 1
| #define HAVE_LONG_LONG_INT 1
| /* end confdefs.h.  */
| #include <stddef.h>
| #ifdef HAVE_STDIO_H
| # include <stdio.h>
| #endif
| #ifdef HAVE_STDLIB_H
| # include <stdlib.h>
| #endif
| #ifdef HAVE_STRING_H
| # include <string.h>
| #endif
| #ifdef HAVE_INTTYPES_H
| # include <inttypes.h>
| #endif
| #ifdef HAVE_STDINT_H
| # include <stdint.h>
| #endif
| #ifdef HAVE_STRINGS_H
| # include <strings.h>
| #endif
| #ifdef HAVE_SYS_TYPES_H
| # include <sys/types.h>
| #endif
| #ifdef HAVE_SYS_STAT_H
| # include <sys/stat.h>
| #endif
| #ifdef HAVE_UNISTD_H
| # include <unistd.h>
| #endif
| int
| main (void)
| {
| if (sizeof ((intmax_t)))
| 	    return 0;
|   ;
|   return 0;
| }
configure:13311: result: yes
configure:13330: checking for uintmax_t
configure:13330: /usr/bin/clang -c -g -O2  conftest.c >&5
configure:13330: $? = 0
configure:13330: /usr/bin/clang -c -g -O2  conftest.c >&5
conftest.c:105:24: error: expected expression
  105 | if (sizeof ((uintmax_t)))
      |                        ^
1 error generated.
configure:13330: $? = 1
configure: failed program was:
| /* confdefs.h */
| #define PACKAGE_NAME "GNU Make"
| #define PACKAGE_TARNAME "make"
| #define PACKAGE_VERSION "4.4.1"
| #define PACKAGE_STRING "GNU Make 4.4.1"
| #define PACKAGE_BUGREPORT "bug-make@gnu.org"
| #define PACKAGE_URL "https://www.gnu.org/software/make/"
| #define PACKAGE "make"
| #define VERSION "4.4.1"
| #define HAVE_STDIO_H 1
| #define HAVE_STDLIB_H 1
| #define HAVE_STRING_H 1
| #define HAVE_INTTYPES_H 1
| #define HAVE_STDINT_H 1
| #define HAVE_STRINGS_H 1
| #define HAVE_SYS_STAT_H 1
| #define HAVE_SYS_TYPES_H 1
| #define HAVE_UNISTD_H 1
| #define HAVE_WCHAR_H 1
| #define HAVE_SYS_PARAM_H 1
| #define HAVE_STDBOOL_H 1
| #define STDC_HEADERS 1
| #define _ALL_SOURCE 1
| #define _DARWIN_C_SOURCE 1
| #define _GNU_SOURCE 1
| #define _HPUX_ALT_XOPEN_SOCKET_API 1
| #define _NETBSD_SOURCE 1
| #define _OPENBSD_SOURCE 1
| #define _POSIX_PTHREAD_SEMANTICS 1
| #define __STDC_WANT_IEC_60559_ATTRIBS_EXT__ 1
| #define __STDC_WANT_IEC_60559_BFP_EXT__ 1
| #define __STDC_WANT_IEC_60559_DFP_EXT__ 1
| #define __STDC_WANT_IEC_60559_EXT__ 1
| #define __STDC_WANT_IEC_60559_FUNCS_EXT__ 1
| #define __STDC_WANT_IEC_60559_TYPES_EXT__ 1
| #define __STDC_WANT_LIB_EXT2__ 1
| #define __STDC_WANT_MATH_SPEC_FUNCS__ 1
| #define _TANDEM_SOURCE 1
| #define __EXTENSIONS__ 1
| #define MAKE_CXX "/usr/bin/clang++"
| #define HAVE_ALLOCA_H 1
| #define HAVE_ALLOCA 1
| #ifndef __x86_64__
| #define __x86_64__ 1
| #endif
| #ifndef __x86_64__
| #define __x86_64__ 1
| #endif
| #define HAVE_ALLOCA 1
| #define GNULIB_TEST_GETLOADAVG 1
| #define ENABLE_NLS 1
| #define HAVE_GETTEXT 1
| #define HAVE_DCGETTEXT 1
| #define HAVE_DIRENT_H 1
| #define HAVE_STDLIB_H 1
| #define HAVE_STRING_H 1
| #define HAVE_STRINGS_H 1
| #define HAVE_LOCALE_H 1
| #define HAVE_UNISTD_H 1
| #define HAVE_LIMITS_H 1
| #define HAVE_MEMORY_H 1
| #define HAVE_SYS_PARAM_H 1
| #define HAVE_SYS_RESOURCE_H 1
| #define HAVE_SYS_TIMEB_H 1
| #define HAVE_SYS_TIME_H 1
| #define HAVE_SYS_SELECT_H 1
| #define HAVE_SYS_FILE_H 1
| #define HAVE_FCNTL_H 1
| #define HAVE_SPAWN_H 1
| #define HAVE_UNSIGNED_LONG_LONG_INT 1
| #define HAVE_LONG_LONG_INT 1
| #define HAVE_INTMAX_T 1
| /* end confdefs.h.  */
| #include <stddef.h>
| #ifdef HAVE_STDIO_H
| # include <stdio.h>
| #endif
| #ifdef HAVE_STDLIB_H
| # include <stdlib.h>
| #endif
| #ifdef HAVE_STRING_H
| # include <string.h>
| #endif
| #ifdef HAVE_INTTYPES_H
| # include <inttypes.h>
| #endif
| #ifdef HAVE_STDINT_H
| # include <stdint.h>
| #endif
| #ifdef HAVE_STRINGS_H
| # include <strings.h>
| #endif
| #ifdef HAVE_SYS_TYPES_H
| # include <sys/types.h>
| #endif
| #ifdef HAVE_SYS_STAT_H
| # include <sys/stat.h>
| #endif
| #ifdef HAVE_UNISTD_H
| # include <unistd.h>
| #endif
| int
| main (void)
| {
| if (sizeof ((uintmax_t)))
| 	    return 0;
|   ;
|   return 0;
| }
configure:13330: result: yes
configure:13350: checking for sig_atomic_t
configure:13350: /usr/bin/clang -c -g -O2  conftest.c >&5
configure:13350: $? = 0
configure:13350: /usr/bin/clang -c -g -O2  conftest.c >&5
conftest.c:80:27: error: expected expression
   80 | if (sizeof ((sig_atomic_t)))
      |                           ^
1 error generated.
configure:13350: $? = 1
configure: failed program was:
| /* confdefs.h */
| #define PACKAGE_NAME "GNU Make"
| #define PACKAGE_TARNAME "make"
| #define PACKAGE_VERSION "4.4.1"
| #define PACKAGE_STRING "GNU Make 4.4.1"
| #define PACKAGE_BUGREPORT "bug-make@gnu.org"
| #define PACKAGE_URL "https://www.gnu.org/software/make/"
| #define PACKAGE "make"
| #define VERSION "4.4.1"
| #define HAVE_STDIO_H 1
| #define HAVE_STDLIB_H 1
| #define HAVE_STRING_H 1
| #define HAVE_INTTYPES_H 1
| #define HAVE_STDINT_H 1
| #define HAVE_STRINGS_H 1
| #define HAVE_SYS_STAT_H 1
| #define HAVE_SYS_TYPES_H 1
| #define HAVE_UNISTD_H 1
| #define HAVE_WCHAR_H 1
| #define HAVE_SYS_PARAM_H 1
| #define HAVE_STDBOOL_H 1
| #define STDC_HEADERS 1
| #define _ALL_SOURCE 1
| #define _DARWIN_C_SOURCE 1
| #define _GNU_SOURCE 1
| #define _HPUX_ALT_XOPEN_SOCKET_API 1
| #define _NETBSD_SOURCE 1
| #define _OPENBSD_SOURCE 1
| #define _POSIX_PTHREAD_SEMANTICS 1
| #define __STDC_WANT_IEC_60559_ATTRIBS_EXT__ 1
| #define __STDC_WANT_IEC_60559_BFP_EXT__ 1
| #define __STDC_WANT_IEC_60559_DFP_EXT__ 1
| #define __STDC_WANT_IEC_60559_EXT__ 1
| #define __STDC_WANT_IEC_60559_FUNCS_EXT__ 1
| #define __STDC_WANT_IEC_60559_TYPES_EXT__ 1
| #define __STDC_WANT_LIB_EXT2__ 1
| #define __STDC_WANT_MATH_SPEC_FUNCS__ 1
| #define _TANDEM_SOURCE 1
| #define __EXTENSIONS__ 1
| #define MAKE_CXX "/usr/bin/clang++"
| #define HAVE_ALLOCA_H 1
| #define HAVE_ALLOCA 1
| #ifndef __x86_64__
| #define __x86_64__ 1
| #endif
| #ifndef __x86_64__
| #define __x86_64__ 1
| #endif
| #define HAVE_ALLOCA 1
| #define GNULIB_TEST_GETLOADAVG 1
| #define ENABLE_NLS 1
| #define HAVE_GETTEXT 1
| #define HAVE_DCGETTEXT 1
| #define HAVE_DIRENT_H 1
| #define HAVE_STDLIB_H 1
| #define HAVE_STRING_H 1
| #define HAVE_STRINGS_H 1
| #define HAVE_LOCALE_H 1
| #define HAVE_UNISTD_H 1
| #define HAVE_LIMITS_H 1
| #define HAVE_MEMORY_H 1
| #define HAVE_SYS_PARAM_H 1
| #define HAVE_SYS_RESOURCE_H 1
| #define HAVE_SYS_TIMEB_H 1
| #define HAVE_SYS_TIME_H 1
| #define HAVE_SYS_SELECT_H 1
| #define HAVE_SYS_FILE_H 1
| #define HAVE_FCNTL_H 1
| #define HAVE_SPAWN_H 1
| #define HAVE_UNSIGNED_LONG_LONG_INT 1
| #define HAVE_LONG_LONG_INT 1
| #define HAVE_INTMAX_T 1
| #define HAVE_UINTMAX_T 1
| /* end confdefs.h.  */
| #include <signal.h>
| 
| int
| main (void)
| {
| if (sizeof ((sig_atomic_t)))
| 	    return 0;
|   ;
|   return 0;
| }
configure:13350: result: yes
configure:13369: checking for nanoseconds field of struct stat
configure:13399: /usr/bin/clang -c -g -O2  -DST_MTIM_NSEC=st_mtim.tv_nsec conftest.c >&5
configure:13399: $? = 0
configure:13409: result: st_mtim.tv_nsec
configure:13419: checking whether to use high resolution file timestamps
configure:13442: /usr/bin/clang -c -g -O2  conftest.c >&5
configure:13442: $? = 0
configure:13451: result: yes
configure:13468: checking for library containing clock_gettime
configure:13504: /usr/bin/clang -o conftest -g -O2   conftest.c  >&5
configure:13504: $? = 0
configure:13526: result: none required
configure:13548: checking for standard gettimeofday
configure:13569: /usr/bin/clang -o conftest -g -O2   conftest.c  >&5
configure:13569: $? = 0
configure:13569: ./conftest
configure:13569: $? = 0
configure:13583: result: yes
configure:13593: checking for strtoll
configure:13593: /usr/bin/clang -o conftest -g -O2   conftest.c  >&5
conftest.c:96:6: warning: incompatible redeclaration of library function 'strtoll' [-Wincompatible-library-redeclaration]
   96 | char strtoll (void);
      |      ^
conftest.c:96:6: note: 'strtoll' is a builtin with type 'long long (const char *, char **, int)'
1 warning generated.
configure:13593: $? = 0
configure:13593: result: yes
configure:13599: checking for strdup
configure:13599: /usr/bin/clang -o conftest -g -O2   conftest.c  >&5
conftest.c:97:6: warning: incompatible redeclaration of library function 'strdup' [-Wincompatible-library-redeclaration]
   97 | char strdup (void);
      |      ^
conftest.c:97:6: note: 'strdup' is a builtin with type 'char *(const char *)'
1 warning generated.
configure:13599: $? = 0
configure:13599: result: yes
configure:13605: checking for strndup
configure:13605: /usr/bin/clang -o conftest -g -O2   conftest.c  >&5
conftest.c:98:6: warning: incompatible redeclaration of library function 'strndup' [-Wincompatible-library-redeclaration]
   98 | char strndup (void);
      |      ^
conftest.c:98:6: note: 'strndup' is a builtin with type 'char *(const char *, unsigned long)'
1 warning generated.
configure:13605: $? = 0
configure:13605: result: yes
configure:13611: checking for stpcpy
configure:13611: /usr/bin/clang -o conftest -g -O2   conftest.c  >&5
conftest.c:99:6: warning: incompatible redeclaration of library function 'stpcpy' [-Wincompatible-library-redeclaration]
   99 | char stpcpy (void);
      |      ^
conftest.c:99:6: note: 'stpcpy' is a builtin with type 'char *(char *, const char *)'
1 warning generated.
configure:13611: $? = 0
configure:13611: result: yes
configure:13617: checking for memrchr
configure:13617: /usr/bin/clang -o conftest -g -O2   conftest.c  >&5
configure:13617: $? = 0
configure:13617: result: yes
configure:13623: checking for mempcpy
configure:13623: /usr/bin/clang -o conftest -g -O2   conftest.c  >&5
conftest.c:101:6: warning: incompatible redeclaration of library function 'mempcpy' [-Wincompatible-library-redeclaration]
  101 | char mempcpy (void);
      |      ^
conftest.c:101:6: note: 'mempcpy' is a builtin with type 'void *(void *, const void *, unsigned long)'
1 warning generated.
configure:13623: $? = 0
configure:13623: result: yes
configure:13629: checking for umask
configure:13629: /usr/bin/clang -o conftest -g -O2   conftest.c  >&5
configure:13629: $? = 0
configure:13629: result: yes
configure:13635: checking for mkstemp
configure:13635: /usr/bin/clang -o conftest -g -O2   conftest.c  >&5
configure:13635: $? = 0
configure:13635: result: yes
configure:13641: checking for mktemp
configure:13641: /usr/bin/clang -o conftest -g -O2   conftest.c  >&5
/usr/bin/ld: /usr/bin/ld: DWARF error: mangled line number section (bad file number)
/tmp/conftest-5ed185.o: in function `main':
/workspace/project/mobileland/Developer/Default.xctoolchain/gmake/conftest.c:115:(.text+0x2): warning: the use of `mktemp' is dangerous, better use `mkstemp' or `mkdtemp'
configure:13641: $? = 0
configure:13641: result: yes
configure:13647: checking for fdopen
configure:13647: /usr/bin/clang -o conftest -g -O2   conftest.c  >&5
configure:13647: $? = 0
configure:13647: result: yes
configure:13653: checking for dup
configure:13653: /usr/bin/clang -o conftest -g -O2   conftest.c  >&5
configure:13653: $? = 0
configure:13653: result: yes
configure:13659: checking for dup2
configure:13659: /usr/bin/clang -o conftest -g -O2   conftest.c  >&5
configure:13659: $? = 0
configure:13659: result: yes
configure:13665: checking for getcwd
configure:13665: /usr/bin/clang -o conftest -g -O2   conftest.c  >&5
configure:13665: $? = 0
configure:13665: result: yes
configure:13671: checking for realpath
configure:13671: /usr/bin/clang -o conftest -g -O2   conftest.c  >&5
configure:13671: $? = 0
configure:13671: result: yes
configure:13677: checking for sigsetmask
configure:13677: /usr/bin/clang -o conftest -g -O2   conftest.c  >&5
configure:13677: $? = 0
configure:13677: result: yes
configure:13683: checking for sigaction
configure:13683: /usr/bin/clang -o conftest -g -O2   conftest.c  >&5
configure:13683: $? = 0
configure:13683: result: yes
configure:13689: checking for getgroups
configure:13689: /usr/bin/clang -o conftest -g -O2   conftest.c  >&5
configure:13689: $? = 0
configure:13689: result: yes
configure:13695: checking for seteuid
configure:13695: /usr/bin/clang -o conftest -g -O2   conftest.c  >&5
configure:13695: $? = 0
configure:13695: result: yes
configure:13701: checking for setegid
configure:13701: /usr/bin/clang -o conftest -g -O2   conftest.c  >&5
configure:13701: $? = 0
configure:13701: result: yes
configure:13707: checking for setlinebuf
configure:13707: /usr/bin/clang -o conftest -g -O2   conftest.c  >&5
configure:13707: $? = 0
configure:13707: result: yes
configure:13713: checking for setreuid
configure:13713: /usr/bin/clang -o conftest -g -O2   conftest.c  >&5
configure:13713: $? = 0
configure:13713: result: yes
configure:13719: checking for setregid
configure:13719: /usr/bin/clang -o conftest -g -O2   conftest.c  >&5
configure:13719: $? = 0
configure:13719: result: yes
configure:13725: checking for mkfifo
configure:13725: /usr/bin/clang -o conftest -g -O2   conftest.c  >&5
configure:13725: $? = 0
configure:13725: result: yes
configure:13731: checking for getrlimit
configure:13731: /usr/bin/clang -o conftest -g -O2   conftest.c  >&5
configure:13731: $? = 0
configure:13731: result: yes
configure:13737: checking for setrlimit
configure:13737: /usr/bin/clang -o conftest -g -O2   conftest.c  >&5
configure:13737: $? = 0
configure:13737: result: yes
configure:13743: checking for setvbuf
configure:13743: /usr/bin/clang -o conftest -g -O2   conftest.c  >&5
configure:13743: $? = 0
configure:13743: result: yes
configure:13749: checking for pipe
configure:13749: /usr/bin/clang -o conftest -g -O2   conftest.c  >&5
configure:13749: $? = 0
configure:13749: result: yes
configure:13755: checking for strerror
configure:13755: /usr/bin/clang -o conftest -g -O2   conftest.c  >&5
conftest.c:123:6: warning: incompatible redeclaration of library function 'strerror' [-Wincompatible-library-redeclaration]
  123 | char strerror (void);
      |      ^
conftest.c:123:6: note: 'strerror' is a builtin with type 'char *(int)'
1 warning generated.
configure:13755: $? = 0
configure:13755: result: yes
configure:13761: checking for strsignal
configure:13761: /usr/bin/clang -o conftest -g -O2   conftest.c  >&5
configure:13761: $? = 0
configure:13761: result: yes
configure:13767: checking for lstat
configure:13767: /usr/bin/clang -o conftest -g -O2   conftest.c  >&5
configure:13767: $? = 0
configure:13767: result: yes
configure:13773: checking for readlink
configure:13773: /usr/bin/clang -o conftest -g -O2   conftest.c  >&5
configure:13773: $? = 0
configure:13773: result: yes
configure:13779: checking for atexit
configure:13779: /usr/bin/clang -o conftest -g -O2   conftest.c  >&5
configure:13779: $? = 0
configure:13779: result: yes
configure:13785: checking for isatty
configure:13785: /usr/bin/clang -o conftest -g -O2   conftest.c  >&5
configure:13785: $? = 0
configure:13785: result: yes
configure:13791: checking for ttyname
configure:13791: /usr/bin/clang -o conftest -g -O2   conftest.c  >&5
configure:13791: $? = 0
configure:13791: result: yes
configure:13797: checking for pselect
configure:13797: /usr/bin/clang -o conftest -g -O2   conftest.c  >&5
configure:13797: $? = 0
configure:13797: result: yes
configure:13803: checking for posix_spawn
configure:13803: /usr/bin/clang -o conftest -g -O2   conftest.c  >&5
configure:13803: $? = 0
configure:13803: result: yes
configure:13809: checking for posix_spawnattr_setsigmask
configure:13809: /usr/bin/clang -o conftest -g -O2   conftest.c  >&5
configure:13809: $? = 0
configure:13809: result: yes
configure:13820: checking whether bsd_signal is declared
configure:13820: /usr/bin/clang -c -g -O2   conftest.c >&5 -Werror=implicit-function-declaration
conftest.c:127:10: error: use of undeclared identifier 'bsd_signal'
  127 |   (void) bsd_signal;
      |          ^
1 error generated.
configure:13820: $? = 1
configure: failed program was:
| /* confdefs.h */
| #define PACKAGE_NAME "GNU Make"
| #define PACKAGE_TARNAME "make"
| #define PACKAGE_VERSION "4.4.1"
| #define PACKAGE_STRING "GNU Make 4.4.1"
| #define PACKAGE_BUGREPORT "bug-make@gnu.org"
| #define PACKAGE_URL "https://www.gnu.org/software/make/"
| #define PACKAGE "make"
| #define VERSION "4.4.1"
| #define HAVE_STDIO_H 1
| #define HAVE_STDLIB_H 1
| #define HAVE_STRING_H 1
| #define HAVE_INTTYPES_H 1
| #define HAVE_STDINT_H 1
| #define HAVE_STRINGS_H 1
| #define HAVE_SYS_STAT_H 1
| #define HAVE_SYS_TYPES_H 1
| #define HAVE_UNISTD_H 1
| #define HAVE_WCHAR_H 1
| #define HAVE_SYS_PARAM_H 1
| #define HAVE_STDBOOL_H 1
| #define STDC_HEADERS 1
| #define _ALL_SOURCE 1
| #define _DARWIN_C_SOURCE 1
| #define _GNU_SOURCE 1
| #define _HPUX_ALT_XOPEN_SOCKET_API 1
| #define _NETBSD_SOURCE 1
| #define _OPENBSD_SOURCE 1
| #define _POSIX_PTHREAD_SEMANTICS 1
| #define __STDC_WANT_IEC_60559_ATTRIBS_EXT__ 1
| #define __STDC_WANT_IEC_60559_BFP_EXT__ 1
| #define __STDC_WANT_IEC_60559_DFP_EXT__ 1
| #define __STDC_WANT_IEC_60559_EXT__ 1
| #define __STDC_WANT_IEC_60559_FUNCS_EXT__ 1
| #define __STDC_WANT_IEC_60559_TYPES_EXT__ 1
| #define __STDC_WANT_LIB_EXT2__ 1
| #define __STDC_WANT_MATH_SPEC_FUNCS__ 1
| #define _TANDEM_SOURCE 1
| #define __EXTENSIONS__ 1
| #define MAKE_CXX "/usr/bin/clang++"
| #define HAVE_ALLOCA_H 1
| #define HAVE_ALLOCA 1
| #ifndef __x86_64__
| #define __x86_64__ 1
| #endif
| #ifndef __x86_64__
| #define __x86_64__ 1
| #endif
| #define HAVE_ALLOCA 1
| #define GNULIB_TEST_GETLOADAVG 1
| #define ENABLE_NLS 1
| #define HAVE_GETTEXT 1
| #define HAVE_DCGETTEXT 1
| #define HAVE_DIRENT_H 1
| #define HAVE_STDLIB_H 1
| #define HAVE_STRING_H 1
| #define HAVE_STRINGS_H 1
| #define HAVE_LOCALE_H 1
| #define HAVE_UNISTD_H 1
| #define HAVE_LIMITS_H 1
| #define HAVE_MEMORY_H 1
| #define HAVE_SYS_PARAM_H 1
| #define HAVE_SYS_RESOURCE_H 1
| #define HAVE_SYS_TIMEB_H 1
| #define HAVE_SYS_TIME_H 1
| #define HAVE_SYS_SELECT_H 1
| #define HAVE_SYS_FILE_H 1
| #define HAVE_FCNTL_H 1
| #define HAVE_SPAWN_H 1
| #define HAVE_UNSIGNED_LONG_LONG_INT 1
| #define HAVE_LONG_LONG_INT 1
| #define HAVE_INTMAX_T 1
| #define HAVE_UINTMAX_T 1
| #define HAVE_SIG_ATOMIC_T 1
| #define ST_MTIM_NSEC st_mtim.tv_nsec
| #define FILE_TIMESTAMP_HI_RES 1
| #define HAVE_CLOCK_GETTIME 1
| #define HAVE_GETTIMEOFDAY 1
| #define HAVE_STRTOLL 1
| #define HAVE_STRDUP 1
| #define HAVE_STRNDUP 1
| #define HAVE_STPCPY 1
| #define HAVE_MEMRCHR 1
| #define HAVE_MEMPCPY 1
| #define HAVE_UMASK 1
| #define HAVE_MKSTEMP 1
| #define HAVE_MKTEMP 1
| #define HAVE_FDOPEN 1
| #define HAVE_DUP 1
| #define HAVE_DUP2 1
| #define HAVE_GETCWD 1
| #define HAVE_REALPATH 1
| #define HAVE_SIGSETMASK 1
| #define HAVE_SIGACTION 1
| #define HAVE_GETGROUPS 1
| #define HAVE_SETEUID 1
| #define HAVE_SETEGID 1
| #define HAVE_SETLINEBUF 1
| #define HAVE_SETREUID 1
| #define HAVE_SETREGID 1
| #define HAVE_MKFIFO 1
| #define HAVE_GETRLIMIT 1
| #define HAVE_SETRLIMIT 1
| #define HAVE_SETVBUF 1
| #define HAVE_PIPE 1
| #define HAVE_STRERROR 1
| #define HAVE_STRSIGNAL 1
| #define HAVE_LSTAT 1
| #define HAVE_READLINK 1
| #define HAVE_ATEXIT 1
| #define HAVE_ISATTY 1
| #define HAVE_TTYNAME 1
| #define HAVE_PSELECT 1
| #define HAVE_POSIX_SPAWN 1
| #define HAVE_POSIX_SPAWNATTR_SETSIGMASK 1
| /* end confdefs.h.  */
| #define _GNU_SOURCE 1
| #include <signal.h>
| 
| int
| main (void)
| {
| #ifndef bsd_signal
| #ifdef __cplusplus
|   (void) bsd_signal;
| #else
|   (void) bsd_signal;
| #endif
| #endif
| 
|   ;
|   return 0;
| }
configure:13820: result: no
configure:13838: checking for fork
configure:13838: /usr/bin/clang -o conftest -g -O2   conftest.c  >&5
configure:13838: $? = 0
configure:13838: result: yes
configure:13838: checking for vfork
configure:13838: /usr/bin/clang -o conftest -g -O2   conftest.c  >&5
conftest.c:135:6: warning: incompatible redeclaration of library function 'vfork' [-Wincompatible-library-redeclaration]
  135 | char vfork (void);
      |      ^
conftest.c:135:6: note: 'vfork' is a builtin with type 'int (void)'
1 warning generated.
configure:13838: $? = 0
configure:13838: result: yes
configure:13851: checking for working fork
configure:13875: /usr/bin/clang -o conftest -g -O2   conftest.c  >&5
configure:13875: $? = 0
configure:13875: ./conftest
configure:13875: $? = 0
configure:13889: result: yes
configure:13910: checking for working vfork
configure:14042: result: yes
configure:14071: checking for strcasecmp
configure:14071: /usr/bin/clang -o conftest -g -O2   conftest.c  >&5
conftest.c:138:6: warning: incompatible redeclaration of library function 'strcasecmp' [-Wincompatible-library-redeclaration]
  138 | char strcasecmp (void);
      |      ^
conftest.c:138:6: note: 'strcasecmp' is a builtin with type 'int (const char *, const char *)'
1 warning generated.
configure:14071: $? = 0
configure:14071: result: yes
configure:14077: checking for strncasecmp
configure:14077: /usr/bin/clang -o conftest -g -O2   conftest.c  >&5
conftest.c:139:6: warning: incompatible redeclaration of library function 'strncasecmp' [-Wincompatible-library-redeclaration]
  139 | char strncasecmp (void);
      |      ^
conftest.c:139:6: note: 'strncasecmp' is a builtin with type 'int (const char *, const char *, unsigned long)'
1 warning generated.
configure:14077: $? = 0
configure:14077: result: yes
configure:14083: checking for strcmpi
configure:14083: /usr/bin/clang -o conftest -g -O2   conftest.c  >&5
/usr/bin/ld: /usr/bin/ld: DWARF error: mangled line number section (bad file number)
/tmp/conftest-ba3754.o: in function `main':
/workspace/project/mobileland/Developer/Default.xctoolchain/gmake/conftest.c:151:(.text+0x2): undefined reference to `strcmpi'
clang: error: linker command failed with exit code 1 (use -v to see invocation)
configure:14083: $? = 1
configure: failed program was:
| /* confdefs.h */
| #define PACKAGE_NAME "GNU Make"
| #define PACKAGE_TARNAME "make"
| #define PACKAGE_VERSION "4.4.1"
| #define PACKAGE_STRING "GNU Make 4.4.1"
| #define PACKAGE_BUGREPORT "bug-make@gnu.org"
| #define PACKAGE_URL "https://www.gnu.org/software/make/"
| #define PACKAGE "make"
| #define VERSION "4.4.1"
| #define HAVE_STDIO_H 1
| #define HAVE_STDLIB_H 1
| #define HAVE_STRING_H 1
| #define HAVE_INTTYPES_H 1
| #define HAVE_STDINT_H 1
| #define HAVE_STRINGS_H 1
| #define HAVE_SYS_STAT_H 1
| #define HAVE_SYS_TYPES_H 1
| #define HAVE_UNISTD_H 1
| #define HAVE_WCHAR_H 1
| #define HAVE_SYS_PARAM_H 1
| #define HAVE_STDBOOL_H 1
| #define STDC_HEADERS 1
| #define _ALL_SOURCE 1
| #define _DARWIN_C_SOURCE 1
| #define _GNU_SOURCE 1
| #define _HPUX_ALT_XOPEN_SOCKET_API 1
| #define _NETBSD_SOURCE 1
| #define _OPENBSD_SOURCE 1
| #define _POSIX_PTHREAD_SEMANTICS 1
| #define __STDC_WANT_IEC_60559_ATTRIBS_EXT__ 1
| #define __STDC_WANT_IEC_60559_BFP_EXT__ 1
| #define __STDC_WANT_IEC_60559_DFP_EXT__ 1
| #define __STDC_WANT_IEC_60559_EXT__ 1
| #define __STDC_WANT_IEC_60559_FUNCS_EXT__ 1
| #define __STDC_WANT_IEC_60559_TYPES_EXT__ 1
| #define __STDC_WANT_LIB_EXT2__ 1
| #define __STDC_WANT_MATH_SPEC_FUNCS__ 1
| #define _TANDEM_SOURCE 1
| #define __EXTENSIONS__ 1
| #define MAKE_CXX "/usr/bin/clang++"
| #define HAVE_ALLOCA_H 1
| #define HAVE_ALLOCA 1
| #ifndef __x86_64__
| #define __x86_64__ 1
| #endif
| #ifndef __x86_64__
| #define __x86_64__ 1
| #endif
| #define HAVE_ALLOCA 1
| #define GNULIB_TEST_GETLOADAVG 1
| #define ENABLE_NLS 1
| #define HAVE_GETTEXT 1
| #define HAVE_DCGETTEXT 1
| #define HAVE_DIRENT_H 1
| #define HAVE_STDLIB_H 1
| #define HAVE_STRING_H 1
| #define HAVE_STRINGS_H 1
| #define HAVE_LOCALE_H 1
| #define HAVE_UNISTD_H 1
| #define HAVE_LIMITS_H 1
| #define HAVE_MEMORY_H 1
| #define HAVE_SYS_PARAM_H 1
| #define HAVE_SYS_RESOURCE_H 1
| #define HAVE_SYS_TIMEB_H 1
| #define HAVE_SYS_TIME_H 1
| #define HAVE_SYS_SELECT_H 1
| #define HAVE_SYS_FILE_H 1
| #define HAVE_FCNTL_H 1
| #define HAVE_SPAWN_H 1
| #define HAVE_UNSIGNED_LONG_LONG_INT 1
| #define HAVE_LONG_LONG_INT 1
| #define HAVE_INTMAX_T 1
| #define HAVE_UINTMAX_T 1
| #define HAVE_SIG_ATOMIC_T 1
| #define ST_MTIM_NSEC st_mtim.tv_nsec
| #define FILE_TIMESTAMP_HI_RES 1
| #define HAVE_CLOCK_GETTIME 1
| #define HAVE_GETTIMEOFDAY 1
| #define HAVE_STRTOLL 1
| #define HAVE_STRDUP 1
| #define HAVE_STRNDUP 1
| #define HAVE_STPCPY 1
| #define HAVE_MEMRCHR 1
| #define HAVE_MEMPCPY 1
| #define HAVE_UMASK 1
| #define HAVE_MKSTEMP 1
| #define HAVE_MKTEMP 1
| #define HAVE_FDOPEN 1
| #define HAVE_DUP 1
| #define HAVE_DUP2 1
| #define HAVE_GETCWD 1
| #define HAVE_REALPATH 1
| #define HAVE_SIGSETMASK 1
| #define HAVE_SIGACTION 1
| #define HAVE_GETGROUPS 1
| #define HAVE_SETEUID 1
| #define HAVE_SETEGID 1
| #define HAVE_SETLINEBUF 1
| #define HAVE_SETREUID 1
| #define HAVE_SETREGID 1
| #define HAVE_MKFIFO 1
| #define HAVE_GETRLIMIT 1
| #define HAVE_SETRLIMIT 1
| #define HAVE_SETVBUF 1
| #define HAVE_PIPE 1
| #define HAVE_STRERROR 1
| #define HAVE_STRSIGNAL 1
| #define HAVE_LSTAT 1
| #define HAVE_READLINK 1
| #define HAVE_ATEXIT 1
| #define HAVE_ISATTY 1
| #define HAVE_TTYNAME 1
| #define HAVE_PSELECT 1
| #define HAVE_POSIX_SPAWN 1
| #define HAVE_POSIX_SPAWNATTR_SETSIGMASK 1
| #define HAVE_DECL_BSD_SIGNAL 0
| #define HAVE_FORK 1
| #define HAVE_VFORK 1
| #define HAVE_WORKING_VFORK 1
| #define HAVE_WORKING_FORK 1
| #define HAVE_STRCASECMP 1
| #define HAVE_STRNCASECMP 1
| /* end confdefs.h.  */
| /* Define strcmpi to an innocuous variant, in case <limits.h> declares strcmpi.
|    For example, HP-UX 11i <limits.h> declares gettimeofday.  */
| #define strcmpi innocuous_strcmpi
| 
| /* System header to define __stub macros and hopefully few prototypes,
|    which can conflict with char strcmpi (void); below.  */
| 
| #include <limits.h>
| #undef strcmpi
| 
| /* Override any GCC internal prototype to avoid an error.
|    Use char because int might match the return type of a GCC
|    builtin and then its argument prototype would still apply.  */
| #ifdef __cplusplus
| extern "C"
| #endif
| char strcmpi (void);
| /* The GNU C library defines this for functions which it implements
|     to always fail with ENOSYS.  Some functions are actually named
|     something starting with __ and the normal name is an alias.  */
| #if defined __stub_strcmpi || defined __stub___strcmpi
| choke me
| #endif
| 
| int
| main (void)
| {
| return strcmpi ();
|   ;
|   return 0;
| }
configure:14083: result: no
configure:14089: checking for strncmpi
configure:14089: /usr/bin/clang -o conftest -g -O2   conftest.c  >&5
/usr/bin/ld: /usr/bin/ld: DWARF error: mangled line number section (bad file number)
/tmp/conftest-0abae4.o: in function `main':
/workspace/project/mobileland/Developer/Default.xctoolchain/gmake/conftest.c:151:(.text+0x2): undefined reference to `strncmpi'
clang: error: linker command failed with exit code 1 (use -v to see invocation)
configure:14089: $? = 1
configure: failed program was:
| /* confdefs.h */
| #define PACKAGE_NAME "GNU Make"
| #define PACKAGE_TARNAME "make"
| #define PACKAGE_VERSION "4.4.1"
| #define PACKAGE_STRING "GNU Make 4.4.1"
| #define PACKAGE_BUGREPORT "bug-make@gnu.org"
| #define PACKAGE_URL "https://www.gnu.org/software/make/"
| #define PACKAGE "make"
| #define VERSION "4.4.1"
| #define HAVE_STDIO_H 1
| #define HAVE_STDLIB_H 1
| #define HAVE_STRING_H 1
| #define HAVE_INTTYPES_H 1
| #define HAVE_STDINT_H 1
| #define HAVE_STRINGS_H 1
| #define HAVE_SYS_STAT_H 1
| #define HAVE_SYS_TYPES_H 1
| #define HAVE_UNISTD_H 1
| #define HAVE_WCHAR_H 1
| #define HAVE_SYS_PARAM_H 1
| #define HAVE_STDBOOL_H 1
| #define STDC_HEADERS 1
| #define _ALL_SOURCE 1
| #define _DARWIN_C_SOURCE 1
| #define _GNU_SOURCE 1
| #define _HPUX_ALT_XOPEN_SOCKET_API 1
| #define _NETBSD_SOURCE 1
| #define _OPENBSD_SOURCE 1
| #define _POSIX_PTHREAD_SEMANTICS 1
| #define __STDC_WANT_IEC_60559_ATTRIBS_EXT__ 1
| #define __STDC_WANT_IEC_60559_BFP_EXT__ 1
| #define __STDC_WANT_IEC_60559_DFP_EXT__ 1
| #define __STDC_WANT_IEC_60559_EXT__ 1
| #define __STDC_WANT_IEC_60559_FUNCS_EXT__ 1
| #define __STDC_WANT_IEC_60559_TYPES_EXT__ 1
| #define __STDC_WANT_LIB_EXT2__ 1
| #define __STDC_WANT_MATH_SPEC_FUNCS__ 1
| #define _TANDEM_SOURCE 1
| #define __EXTENSIONS__ 1
| #define MAKE_CXX "/usr/bin/clang++"
| #define HAVE_ALLOCA_H 1
| #define HAVE_ALLOCA 1
| #ifndef __x86_64__
| #define __x86_64__ 1
| #endif
| #ifndef __x86_64__
| #define __x86_64__ 1
| #endif
| #define HAVE_ALLOCA 1
| #define GNULIB_TEST_GETLOADAVG 1
| #define ENABLE_NLS 1
| #define HAVE_GETTEXT 1
| #define HAVE_DCGETTEXT 1
| #define HAVE_DIRENT_H 1
| #define HAVE_STDLIB_H 1
| #define HAVE_STRING_H 1
| #define HAVE_STRINGS_H 1
| #define HAVE_LOCALE_H 1
| #define HAVE_UNISTD_H 1
| #define HAVE_LIMITS_H 1
| #define HAVE_MEMORY_H 1
| #define HAVE_SYS_PARAM_H 1
| #define HAVE_SYS_RESOURCE_H 1
| #define HAVE_SYS_TIMEB_H 1
| #define HAVE_SYS_TIME_H 1
| #define HAVE_SYS_SELECT_H 1
| #define HAVE_SYS_FILE_H 1
| #define HAVE_FCNTL_H 1
| #define HAVE_SPAWN_H 1
| #define HAVE_UNSIGNED_LONG_LONG_INT 1
| #define HAVE_LONG_LONG_INT 1
| #define HAVE_INTMAX_T 1
| #define HAVE_UINTMAX_T 1
| #define HAVE_SIG_ATOMIC_T 1
| #define ST_MTIM_NSEC st_mtim.tv_nsec
| #define FILE_TIMESTAMP_HI_RES 1
| #define HAVE_CLOCK_GETTIME 1
| #define HAVE_GETTIMEOFDAY 1
| #define HAVE_STRTOLL 1
| #define HAVE_STRDUP 1
| #define HAVE_STRNDUP 1
| #define HAVE_STPCPY 1
| #define HAVE_MEMRCHR 1
| #define HAVE_MEMPCPY 1
| #define HAVE_UMASK 1
| #define HAVE_MKSTEMP 1
| #define HAVE_MKTEMP 1
| #define HAVE_FDOPEN 1
| #define HAVE_DUP 1
| #define HAVE_DUP2 1
| #define HAVE_GETCWD 1
| #define HAVE_REALPATH 1
| #define HAVE_SIGSETMASK 1
| #define HAVE_SIGACTION 1
| #define HAVE_GETGROUPS 1
| #define HAVE_SETEUID 1
| #define HAVE_SETEGID 1
| #define HAVE_SETLINEBUF 1
| #define HAVE_SETREUID 1
| #define HAVE_SETREGID 1
| #define HAVE_MKFIFO 1
| #define HAVE_GETRLIMIT 1
| #define HAVE_SETRLIMIT 1
| #define HAVE_SETVBUF 1
| #define HAVE_PIPE 1
| #define HAVE_STRERROR 1
| #define HAVE_STRSIGNAL 1
| #define HAVE_LSTAT 1
| #define HAVE_READLINK 1
| #define HAVE_ATEXIT 1
| #define HAVE_ISATTY 1
| #define HAVE_TTYNAME 1
| #define HAVE_PSELECT 1
| #define HAVE_POSIX_SPAWN 1
| #define HAVE_POSIX_SPAWNATTR_SETSIGMASK 1
| #define HAVE_DECL_BSD_SIGNAL 0
| #define HAVE_FORK 1
| #define HAVE_VFORK 1
| #define HAVE_WORKING_VFORK 1
| #define HAVE_WORKING_FORK 1
| #define HAVE_STRCASECMP 1
| #define HAVE_STRNCASECMP 1
| /* end confdefs.h.  */
| /* Define strncmpi to an innocuous variant, in case <limits.h> declares strncmpi.
|    For example, HP-UX 11i <limits.h> declares gettimeofday.  */
| #define strncmpi innocuous_strncmpi
| 
| /* System header to define __stub macros and hopefully few prototypes,
|    which can conflict with char strncmpi (void); below.  */
| 
| #include <limits.h>
| #undef strncmpi
| 
| /* Override any GCC internal prototype to avoid an error.
|    Use char because int might match the return type of a GCC
|    builtin and then its argument prototype would still apply.  */
| #ifdef __cplusplus
| extern "C"
| #endif
| char strncmpi (void);
| /* The GNU C library defines this for functions which it implements
|     to always fail with ENOSYS.  Some functions are actually named
|     something starting with __ and the normal name is an alias.  */
| #if defined __stub_strncmpi || defined __stub___strncmpi
| choke me
| #endif
| 
| int
| main (void)
| {
| return strncmpi ();
|   ;
|   return 0;
| }
configure:14089: result: no
configure:14095: checking for stricmp
configure:14095: /usr/bin/clang -o conftest -g -O2   conftest.c  >&5
/usr/bin/ld: /usr/bin/ld: DWARF error: mangled line number section (bad file number)
/tmp/conftest-650d34.o: in function `main':
/workspace/project/mobileland/Developer/Default.xctoolchain/gmake/conftest.c:151:(.text+0x2): undefined reference to `stricmp'
clang: error: linker command failed with exit code 1 (use -v to see invocation)
configure:14095: $? = 1
configure: failed program was:
| /* confdefs.h */
| #define PACKAGE_NAME "GNU Make"
| #define PACKAGE_TARNAME "make"
| #define PACKAGE_VERSION "4.4.1"
| #define PACKAGE_STRING "GNU Make 4.4.1"
| #define PACKAGE_BUGREPORT "bug-make@gnu.org"
| #define PACKAGE_URL "https://www.gnu.org/software/make/"
| #define PACKAGE "make"
| #define VERSION "4.4.1"
| #define HAVE_STDIO_H 1
| #define HAVE_STDLIB_H 1
| #define HAVE_STRING_H 1
| #define HAVE_INTTYPES_H 1
| #define HAVE_STDINT_H 1
| #define HAVE_STRINGS_H 1
| #define HAVE_SYS_STAT_H 1
| #define HAVE_SYS_TYPES_H 1
| #define HAVE_UNISTD_H 1
| #define HAVE_WCHAR_H 1
| #define HAVE_SYS_PARAM_H 1
| #define HAVE_STDBOOL_H 1
| #define STDC_HEADERS 1
| #define _ALL_SOURCE 1
| #define _DARWIN_C_SOURCE 1
| #define _GNU_SOURCE 1
| #define _HPUX_ALT_XOPEN_SOCKET_API 1
| #define _NETBSD_SOURCE 1
| #define _OPENBSD_SOURCE 1
| #define _POSIX_PTHREAD_SEMANTICS 1
| #define __STDC_WANT_IEC_60559_ATTRIBS_EXT__ 1
| #define __STDC_WANT_IEC_60559_BFP_EXT__ 1
| #define __STDC_WANT_IEC_60559_DFP_EXT__ 1
| #define __STDC_WANT_IEC_60559_EXT__ 1
| #define __STDC_WANT_IEC_60559_FUNCS_EXT__ 1
| #define __STDC_WANT_IEC_60559_TYPES_EXT__ 1
| #define __STDC_WANT_LIB_EXT2__ 1
| #define __STDC_WANT_MATH_SPEC_FUNCS__ 1
| #define _TANDEM_SOURCE 1
| #define __EXTENSIONS__ 1
| #define MAKE_CXX "/usr/bin/clang++"
| #define HAVE_ALLOCA_H 1
| #define HAVE_ALLOCA 1
| #ifndef __x86_64__
| #define __x86_64__ 1
| #endif
| #ifndef __x86_64__
| #define __x86_64__ 1
| #endif
| #define HAVE_ALLOCA 1
| #define GNULIB_TEST_GETLOADAVG 1
| #define ENABLE_NLS 1
| #define HAVE_GETTEXT 1
| #define HAVE_DCGETTEXT 1
| #define HAVE_DIRENT_H 1
| #define HAVE_STDLIB_H 1
| #define HAVE_STRING_H 1
| #define HAVE_STRINGS_H 1
| #define HAVE_LOCALE_H 1
| #define HAVE_UNISTD_H 1
| #define HAVE_LIMITS_H 1
| #define HAVE_MEMORY_H 1
| #define HAVE_SYS_PARAM_H 1
| #define HAVE_SYS_RESOURCE_H 1
| #define HAVE_SYS_TIMEB_H 1
| #define HAVE_SYS_TIME_H 1
| #define HAVE_SYS_SELECT_H 1
| #define HAVE_SYS_FILE_H 1
| #define HAVE_FCNTL_H 1
| #define HAVE_SPAWN_H 1
| #define HAVE_UNSIGNED_LONG_LONG_INT 1
| #define HAVE_LONG_LONG_INT 1
| #define HAVE_INTMAX_T 1
| #define HAVE_UINTMAX_T 1
| #define HAVE_SIG_ATOMIC_T 1
| #define ST_MTIM_NSEC st_mtim.tv_nsec
| #define FILE_TIMESTAMP_HI_RES 1
| #define HAVE_CLOCK_GETTIME 1
| #define HAVE_GETTIMEOFDAY 1
| #define HAVE_STRTOLL 1
| #define HAVE_STRDUP 1
| #define HAVE_STRNDUP 1
| #define HAVE_STPCPY 1
| #define HAVE_MEMRCHR 1
| #define HAVE_MEMPCPY 1
| #define HAVE_UMASK 1
| #define HAVE_MKSTEMP 1
| #define HAVE_MKTEMP 1
| #define HAVE_FDOPEN 1
| #define HAVE_DUP 1
| #define HAVE_DUP2 1
| #define HAVE_GETCWD 1
| #define HAVE_REALPATH 1
| #define HAVE_SIGSETMASK 1
| #define HAVE_SIGACTION 1
| #define HAVE_GETGROUPS 1
| #define HAVE_SETEUID 1
| #define HAVE_SETEGID 1
| #define HAVE_SETLINEBUF 1
| #define HAVE_SETREUID 1
| #define HAVE_SETREGID 1
| #define HAVE_MKFIFO 1
| #define HAVE_GETRLIMIT 1
| #define HAVE_SETRLIMIT 1
| #define HAVE_SETVBUF 1
| #define HAVE_PIPE 1
| #define HAVE_STRERROR 1
| #define HAVE_STRSIGNAL 1
| #define HAVE_LSTAT 1
| #define HAVE_READLINK 1
| #define HAVE_ATEXIT 1
| #define HAVE_ISATTY 1
| #define HAVE_TTYNAME 1
| #define HAVE_PSELECT 1
| #define HAVE_POSIX_SPAWN 1
| #define HAVE_POSIX_SPAWNATTR_SETSIGMASK 1
| #define HAVE_DECL_BSD_SIGNAL 0
| #define HAVE_FORK 1
| #define HAVE_VFORK 1
| #define HAVE_WORKING_VFORK 1
| #define HAVE_WORKING_FORK 1
| #define HAVE_STRCASECMP 1
| #define HAVE_STRNCASECMP 1
| /* end confdefs.h.  */
| /* Define stricmp to an innocuous variant, in case <limits.h> declares stricmp.
|    For example, HP-UX 11i <limits.h> declares gettimeofday.  */
| #define stricmp innocuous_stricmp
| 
| /* System header to define __stub macros and hopefully few prototypes,
|    which can conflict with char stricmp (void); below.  */
| 
| #include <limits.h>
| #undef stricmp
| 
| /* Override any GCC internal prototype to avoid an error.
|    Use char because int might match the return type of a GCC
|    builtin and then its argument prototype would still apply.  */
| #ifdef __cplusplus
| extern "C"
| #endif
| char stricmp (void);
| /* The GNU C library defines this for functions which it implements
|     to always fail with ENOSYS.  Some functions are actually named
|     something starting with __ and the normal name is an alias.  */
| #if defined __stub_stricmp || defined __stub___stricmp
| choke me
| #endif
| 
| int
| main (void)
| {
| return stricmp ();
|   ;
|   return 0;
| }
configure:14095: result: no
configure:14101: checking for strnicmp
configure:14101: /usr/bin/clang -o conftest -g -O2   conftest.c  >&5
/usr/bin/ld: /usr/bin/ld: DWARF error: mangled line number section (bad file number)
/tmp/conftest-60854c.o: in function `main':
/workspace/project/mobileland/Developer/Default.xctoolchain/gmake/conftest.c:151:(.text+0x2): undefined reference to `strnicmp'
clang: error: linker command failed with exit code 1 (use -v to see invocation)
configure:14101: $? = 1
configure: failed program was:
| /* confdefs.h */
| #define PACKAGE_NAME "GNU Make"
| #define PACKAGE_TARNAME "make"
| #define PACKAGE_VERSION "4.4.1"
| #define PACKAGE_STRING "GNU Make 4.4.1"
| #define PACKAGE_BUGREPORT "bug-make@gnu.org"
| #define PACKAGE_URL "https://www.gnu.org/software/make/"
| #define PACKAGE "make"
| #define VERSION "4.4.1"
| #define HAVE_STDIO_H 1
| #define HAVE_STDLIB_H 1
| #define HAVE_STRING_H 1
| #define HAVE_INTTYPES_H 1
| #define HAVE_STDINT_H 1
| #define HAVE_STRINGS_H 1
| #define HAVE_SYS_STAT_H 1
| #define HAVE_SYS_TYPES_H 1
| #define HAVE_UNISTD_H 1
| #define HAVE_WCHAR_H 1
| #define HAVE_SYS_PARAM_H 1
| #define HAVE_STDBOOL_H 1
| #define STDC_HEADERS 1
| #define _ALL_SOURCE 1
| #define _DARWIN_C_SOURCE 1
| #define _GNU_SOURCE 1
| #define _HPUX_ALT_XOPEN_SOCKET_API 1
| #define _NETBSD_SOURCE 1
| #define _OPENBSD_SOURCE 1
| #define _POSIX_PTHREAD_SEMANTICS 1
| #define __STDC_WANT_IEC_60559_ATTRIBS_EXT__ 1
| #define __STDC_WANT_IEC_60559_BFP_EXT__ 1
| #define __STDC_WANT_IEC_60559_DFP_EXT__ 1
| #define __STDC_WANT_IEC_60559_EXT__ 1
| #define __STDC_WANT_IEC_60559_FUNCS_EXT__ 1
| #define __STDC_WANT_IEC_60559_TYPES_EXT__ 1
| #define __STDC_WANT_LIB_EXT2__ 1
| #define __STDC_WANT_MATH_SPEC_FUNCS__ 1
| #define _TANDEM_SOURCE 1
| #define __EXTENSIONS__ 1
| #define MAKE_CXX "/usr/bin/clang++"
| #define HAVE_ALLOCA_H 1
| #define HAVE_ALLOCA 1
| #ifndef __x86_64__
| #define __x86_64__ 1
| #endif
| #ifndef __x86_64__
| #define __x86_64__ 1
| #endif
| #define HAVE_ALLOCA 1
| #define GNULIB_TEST_GETLOADAVG 1
| #define ENABLE_NLS 1
| #define HAVE_GETTEXT 1
| #define HAVE_DCGETTEXT 1
| #define HAVE_DIRENT_H 1
| #define HAVE_STDLIB_H 1
| #define HAVE_STRING_H 1
| #define HAVE_STRINGS_H 1
| #define HAVE_LOCALE_H 1
| #define HAVE_UNISTD_H 1
| #define HAVE_LIMITS_H 1
| #define HAVE_MEMORY_H 1
| #define HAVE_SYS_PARAM_H 1
| #define HAVE_SYS_RESOURCE_H 1
| #define HAVE_SYS_TIMEB_H 1
| #define HAVE_SYS_TIME_H 1
| #define HAVE_SYS_SELECT_H 1
| #define HAVE_SYS_FILE_H 1
| #define HAVE_FCNTL_H 1
| #define HAVE_SPAWN_H 1
| #define HAVE_UNSIGNED_LONG_LONG_INT 1
| #define HAVE_LONG_LONG_INT 1
| #define HAVE_INTMAX_T 1
| #define HAVE_UINTMAX_T 1
| #define HAVE_SIG_ATOMIC_T 1
| #define ST_MTIM_NSEC st_mtim.tv_nsec
| #define FILE_TIMESTAMP_HI_RES 1
| #define HAVE_CLOCK_GETTIME 1
| #define HAVE_GETTIMEOFDAY 1
| #define HAVE_STRTOLL 1
| #define HAVE_STRDUP 1
| #define HAVE_STRNDUP 1
| #define HAVE_STPCPY 1
| #define HAVE_MEMRCHR 1
| #define HAVE_MEMPCPY 1
| #define HAVE_UMASK 1
| #define HAVE_MKSTEMP 1
| #define HAVE_MKTEMP 1
| #define HAVE_FDOPEN 1
| #define HAVE_DUP 1
| #define HAVE_DUP2 1
| #define HAVE_GETCWD 1
| #define HAVE_REALPATH 1
| #define HAVE_SIGSETMASK 1
| #define HAVE_SIGACTION 1
| #define HAVE_GETGROUPS 1
| #define HAVE_SETEUID 1
| #define HAVE_SETEGID 1
| #define HAVE_SETLINEBUF 1
| #define HAVE_SETREUID 1
| #define HAVE_SETREGID 1
| #define HAVE_MKFIFO 1
| #define HAVE_GETRLIMIT 1
| #define HAVE_SETRLIMIT 1
| #define HAVE_SETVBUF 1
| #define HAVE_PIPE 1
| #define HAVE_STRERROR 1
| #define HAVE_STRSIGNAL 1
| #define HAVE_LSTAT 1
| #define HAVE_READLINK 1
| #define HAVE_ATEXIT 1
| #define HAVE_ISATTY 1
| #define HAVE_TTYNAME 1
| #define HAVE_PSELECT 1
| #define HAVE_POSIX_SPAWN 1
| #define HAVE_POSIX_SPAWNATTR_SETSIGMASK 1
| #define HAVE_DECL_BSD_SIGNAL 0
| #define HAVE_FORK 1
| #define HAVE_VFORK 1
| #define HAVE_WORKING_VFORK 1
| #define HAVE_WORKING_FORK 1
| #define HAVE_STRCASECMP 1
| #define HAVE_STRNCASECMP 1
| /* end confdefs.h.  */
| /* Define strnicmp to an innocuous variant, in case <limits.h> declares strnicmp.
|    For example, HP-UX 11i <limits.h> declares gettimeofday.  */
| #define strnicmp innocuous_strnicmp
| 
| /* System header to define __stub macros and hopefully few prototypes,
|    which can conflict with char strnicmp (void); below.  */
| 
| #include <limits.h>
| #undef strnicmp
| 
| /* Override any GCC internal prototype to avoid an error.
|    Use char because int might match the return type of a GCC
|    builtin and then its argument prototype would still apply.  */
| #ifdef __cplusplus
| extern "C"
| #endif
| char strnicmp (void);
| /* The GNU C library defines this for functions which it implements
|     to always fail with ENOSYS.  Some functions are actually named
|     something starting with __ and the normal name is an alias.  */
| #if defined __stub_strnicmp || defined __stub___strnicmp
| choke me
| #endif
| 
| int
| main (void)
| {
| return strnicmp ();
|   ;
|   return 0;
| }
configure:14101: result: no
configure:14110: checking for working strcoll
configure:14138: /usr/bin/clang -o conftest -g -O2   conftest.c  >&5
configure:14138: $? = 0
configure:14138: ./conftest
configure:14138: $? = 0
configure:14152: result: yes
configure:14160: checking whether closedir returns void
configure:14181: /usr/bin/clang -c -g -O2  conftest.c >&5
conftest.c:132:19: warning: null passed to a callee that requires a non-null argument [-Wnonnull]
  132 |   return closedir(0);
      |                   ^
1 warning generated.
configure:14181: $? = 0
configure:14191: result: no
configure:14203: checking for struct dirent.d_type
configure:14203: /usr/bin/clang -c -g -O2  conftest.c >&5
configure:14203: $? = 0
configure:14203: result: yes
configure:14302: checking for pkg-config
configure:14325: found /usr/bin/pkg-config
configure:14338: result: /usr/bin/pkg-config
configure:14363: checking pkg-config is at least version 0.9.0
configure:14366: result: yes
configure:14380: checking for GNU Guile
configure:14384: $PKG_CONFIG --exists --print-errors "guile-$v"
Package guile-3.0 was not found in the pkg-config search path.
Perhaps you should add the directory containing `guile-3.0.pc'
to the PKG_CONFIG_PATH environment variable
Package 'guile-3.0', required by 'virtual:world', not found
configure:14387: $? = 1
configure:14384: $PKG_CONFIG --exists --print-errors "guile-$v"
Package guile-2.2 was not found in the pkg-config search path.
Perhaps you should add the directory containing `guile-2.2.pc'
to the PKG_CONFIG_PATH environment variable
Package 'guile-2.2', required by 'virtual:world', not found
configure:14387: $? = 1
configure:14384: $PKG_CONFIG --exists --print-errors "guile-$v"
Package guile-2.0 was not found in the pkg-config search path.
Perhaps you should add the directory containing `guile-2.0.pc'
to the PKG_CONFIG_PATH environment variable
Package 'guile-2.0', required by 'virtual:world', not found
configure:14387: $? = 1
configure:14384: $PKG_CONFIG --exists --print-errors "guile-$v"
Package guile-1.8 was not found in the pkg-config search path.
Perhaps you should add the directory containing `guile-1.8.pc'
to the PKG_CONFIG_PATH environment variable
Package 'guile-1.8', required by 'virtual:world', not found
configure:14387: $? = 1
configure:14392: result: no
configure:14563: checking whether sys_siglist is declared
configure:14563: /usr/bin/clang -c -g -O2   conftest.c >&5 -Werror=implicit-function-declaration
conftest.c:168:10: error: use of undeclared identifier 'sys_siglist'
  168 |   (void) sys_siglist;
      |          ^
1 error generated.
configure:14563: $? = 1
configure: failed program was:
| /* confdefs.h */
| #define PACKAGE_NAME "GNU Make"
| #define PACKAGE_TARNAME "make"
| #define PACKAGE_VERSION "4.4.1"
| #define PACKAGE_STRING "GNU Make 4.4.1"
| #define PACKAGE_BUGREPORT "bug-make@gnu.org"
| #define PACKAGE_URL "https://www.gnu.org/software/make/"
| #define PACKAGE "make"
| #define VERSION "4.4.1"
| #define HAVE_STDIO_H 1
| #define HAVE_STDLIB_H 1
| #define HAVE_STRING_H 1
| #define HAVE_INTTYPES_H 1
| #define HAVE_STDINT_H 1
| #define HAVE_STRINGS_H 1
| #define HAVE_SYS_STAT_H 1
| #define HAVE_SYS_TYPES_H 1
| #define HAVE_UNISTD_H 1
| #define HAVE_WCHAR_H 1
| #define HAVE_SYS_PARAM_H 1
| #define HAVE_STDBOOL_H 1
| #define STDC_HEADERS 1
| #define _ALL_SOURCE 1
| #define _DARWIN_C_SOURCE 1
| #define _GNU_SOURCE 1
| #define _HPUX_ALT_XOPEN_SOCKET_API 1
| #define _NETBSD_SOURCE 1
| #define _OPENBSD_SOURCE 1
| #define _POSIX_PTHREAD_SEMANTICS 1
| #define __STDC_WANT_IEC_60559_ATTRIBS_EXT__ 1
| #define __STDC_WANT_IEC_60559_BFP_EXT__ 1
| #define __STDC_WANT_IEC_60559_DFP_EXT__ 1
| #define __STDC_WANT_IEC_60559_EXT__ 1
| #define __STDC_WANT_IEC_60559_FUNCS_EXT__ 1
| #define __STDC_WANT_IEC_60559_TYPES_EXT__ 1
| #define __STDC_WANT_LIB_EXT2__ 1
| #define __STDC_WANT_MATH_SPEC_FUNCS__ 1
| #define _TANDEM_SOURCE 1
| #define __EXTENSIONS__ 1
| #define MAKE_CXX "/usr/bin/clang++"
| #define HAVE_ALLOCA_H 1
| #define HAVE_ALLOCA 1
| #ifndef __x86_64__
| #define __x86_64__ 1
| #endif
| #ifndef __x86_64__
| #define __x86_64__ 1
| #endif
| #define HAVE_ALLOCA 1
| #define GNULIB_TEST_GETLOADAVG 1
| #define ENABLE_NLS 1
| #define HAVE_GETTEXT 1
| #define HAVE_DCGETTEXT 1
| #define HAVE_DIRENT_H 1
| #define HAVE_STDLIB_H 1
| #define HAVE_STRING_H 1
| #define HAVE_STRINGS_H 1
| #define HAVE_LOCALE_H 1
| #define HAVE_UNISTD_H 1
| #define HAVE_LIMITS_H 1
| #define HAVE_MEMORY_H 1
| #define HAVE_SYS_PARAM_H 1
| #define HAVE_SYS_RESOURCE_H 1
| #define HAVE_SYS_TIMEB_H 1
| #define HAVE_SYS_TIME_H 1
| #define HAVE_SYS_SELECT_H 1
| #define HAVE_SYS_FILE_H 1
| #define HAVE_FCNTL_H 1
| #define HAVE_SPAWN_H 1
| #define HAVE_UNSIGNED_LONG_LONG_INT 1
| #define HAVE_LONG_LONG_INT 1
| #define HAVE_INTMAX_T 1
| #define HAVE_UINTMAX_T 1
| #define HAVE_SIG_ATOMIC_T 1
| #define ST_MTIM_NSEC st_mtim.tv_nsec
| #define FILE_TIMESTAMP_HI_RES 1
| #define HAVE_CLOCK_GETTIME 1
| #define HAVE_GETTIMEOFDAY 1
| #define HAVE_STRTOLL 1
| #define HAVE_STRDUP 1
| #define HAVE_STRNDUP 1
| #define HAVE_STPCPY 1
| #define HAVE_MEMRCHR 1
| #define HAVE_MEMPCPY 1
| #define HAVE_UMASK 1
| #define HAVE_MKSTEMP 1
| #define HAVE_MKTEMP 1
| #define HAVE_FDOPEN 1
| #define HAVE_DUP 1
| #define HAVE_DUP2 1
| #define HAVE_GETCWD 1
| #define HAVE_REALPATH 1
| #define HAVE_SIGSETMASK 1
| #define HAVE_SIGACTION 1
| #define HAVE_GETGROUPS 1
| #define HAVE_SETEUID 1
| #define HAVE_SETEGID 1
| #define HAVE_SETLINEBUF 1
| #define HAVE_SETREUID 1
| #define HAVE_SETREGID 1
| #define HAVE_MKFIFO 1
| #define HAVE_GETRLIMIT 1
| #define HAVE_SETRLIMIT 1
| #define HAVE_SETVBUF 1
| #define HAVE_PIPE 1
| #define HAVE_STRERROR 1
| #define HAVE_STRSIGNAL 1
| #define HAVE_LSTAT 1
| #define HAVE_READLINK 1
| #define HAVE_ATEXIT 1
| #define HAVE_ISATTY 1
| #define HAVE_TTYNAME 1
| #define HAVE_PSELECT 1
| #define HAVE_POSIX_SPAWN 1
| #define HAVE_POSIX_SPAWNATTR_SETSIGMASK 1
| #define HAVE_DECL_BSD_SIGNAL 0
| #define HAVE_FORK 1
| #define HAVE_VFORK 1
| #define HAVE_WORKING_VFORK 1
| #define HAVE_WORKING_FORK 1
| #define HAVE_STRCASECMP 1
| #define HAVE_STRNCASECMP 1
| #define HAVE_STRCOLL 1
| #define HAVE_STRUCT_DIRENT_D_TYPE 1
| /* end confdefs.h.  */
| #include <stddef.h>
| #ifdef HAVE_STDIO_H
| # include <stdio.h>
| #endif
| #ifdef HAVE_STDLIB_H
| # include <stdlib.h>
| #endif
| #ifdef HAVE_STRING_H
| # include <string.h>
| #endif
| #ifdef HAVE_INTTYPES_H
| # include <inttypes.h>
| #endif
| #ifdef HAVE_STDINT_H
| # include <stdint.h>
| #endif
| #ifdef HAVE_STRINGS_H
| # include <strings.h>
| #endif
| #ifdef HAVE_SYS_TYPES_H
| # include <sys/types.h>
| #endif
| #ifdef HAVE_SYS_STAT_H
| # include <sys/stat.h>
| #endif
| #ifdef HAVE_UNISTD_H
| # include <unistd.h>
| #endif
| #include <signal.h>
| /* NetBSD declares sys_siglist in unistd.h.  */
| #if HAVE_UNISTD_H
| # include <unistd.h>
| #endif
| 
| 
| int
| main (void)
| {
| #ifndef sys_siglist
| #ifdef __cplusplus
|   (void) sys_siglist;
| #else
|   (void) sys_siglist;
| #endif
| #endif
| 
|   ;
|   return 0;
| }
configure:14563: result: no
configure:14579: checking whether _sys_siglist is declared
configure:14579: /usr/bin/clang -c -g -O2   conftest.c >&5 -Werror=implicit-function-declaration
conftest.c:169:10: error: use of undeclared identifier '_sys_siglist'
  169 |   (void) _sys_siglist;
      |          ^
1 error generated.
configure:14579: $? = 1
configure: failed program was:
| /* confdefs.h */
| #define PACKAGE_NAME "GNU Make"
| #define PACKAGE_TARNAME "make"
| #define PACKAGE_VERSION "4.4.1"
| #define PACKAGE_STRING "GNU Make 4.4.1"
| #define PACKAGE_BUGREPORT "bug-make@gnu.org"
| #define PACKAGE_URL "https://www.gnu.org/software/make/"
| #define PACKAGE "make"
| #define VERSION "4.4.1"
| #define HAVE_STDIO_H 1
| #define HAVE_STDLIB_H 1
| #define HAVE_STRING_H 1
| #define HAVE_INTTYPES_H 1
| #define HAVE_STDINT_H 1
| #define HAVE_STRINGS_H 1
| #define HAVE_SYS_STAT_H 1
| #define HAVE_SYS_TYPES_H 1
| #define HAVE_UNISTD_H 1
| #define HAVE_WCHAR_H 1
| #define HAVE_SYS_PARAM_H 1
| #define HAVE_STDBOOL_H 1
| #define STDC_HEADERS 1
| #define _ALL_SOURCE 1
| #define _DARWIN_C_SOURCE 1
| #define _GNU_SOURCE 1
| #define _HPUX_ALT_XOPEN_SOCKET_API 1
| #define _NETBSD_SOURCE 1
| #define _OPENBSD_SOURCE 1
| #define _POSIX_PTHREAD_SEMANTICS 1
| #define __STDC_WANT_IEC_60559_ATTRIBS_EXT__ 1
| #define __STDC_WANT_IEC_60559_BFP_EXT__ 1
| #define __STDC_WANT_IEC_60559_DFP_EXT__ 1
| #define __STDC_WANT_IEC_60559_EXT__ 1
| #define __STDC_WANT_IEC_60559_FUNCS_EXT__ 1
| #define __STDC_WANT_IEC_60559_TYPES_EXT__ 1
| #define __STDC_WANT_LIB_EXT2__ 1
| #define __STDC_WANT_MATH_SPEC_FUNCS__ 1
| #define _TANDEM_SOURCE 1
| #define __EXTENSIONS__ 1
| #define MAKE_CXX "/usr/bin/clang++"
| #define HAVE_ALLOCA_H 1
| #define HAVE_ALLOCA 1
| #ifndef __x86_64__
| #define __x86_64__ 1
| #endif
| #ifndef __x86_64__
| #define __x86_64__ 1
| #endif
| #define HAVE_ALLOCA 1
| #define GNULIB_TEST_GETLOADAVG 1
| #define ENABLE_NLS 1
| #define HAVE_GETTEXT 1
| #define HAVE_DCGETTEXT 1
| #define HAVE_DIRENT_H 1
| #define HAVE_STDLIB_H 1
| #define HAVE_STRING_H 1
| #define HAVE_STRINGS_H 1
| #define HAVE_LOCALE_H 1
| #define HAVE_UNISTD_H 1
| #define HAVE_LIMITS_H 1
| #define HAVE_MEMORY_H 1
| #define HAVE_SYS_PARAM_H 1
| #define HAVE_SYS_RESOURCE_H 1
| #define HAVE_SYS_TIMEB_H 1
| #define HAVE_SYS_TIME_H 1
| #define HAVE_SYS_SELECT_H 1
| #define HAVE_SYS_FILE_H 1
| #define HAVE_FCNTL_H 1
| #define HAVE_SPAWN_H 1
| #define HAVE_UNSIGNED_LONG_LONG_INT 1
| #define HAVE_LONG_LONG_INT 1
| #define HAVE_INTMAX_T 1
| #define HAVE_UINTMAX_T 1
| #define HAVE_SIG_ATOMIC_T 1
| #define ST_MTIM_NSEC st_mtim.tv_nsec
| #define FILE_TIMESTAMP_HI_RES 1
| #define HAVE_CLOCK_GETTIME 1
| #define HAVE_GETTIMEOFDAY 1
| #define HAVE_STRTOLL 1
| #define HAVE_STRDUP 1
| #define HAVE_STRNDUP 1
| #define HAVE_STPCPY 1
| #define HAVE_MEMRCHR 1
| #define HAVE_MEMPCPY 1
| #define HAVE_UMASK 1
| #define HAVE_MKSTEMP 1
| #define HAVE_MKTEMP 1
| #define HAVE_FDOPEN 1
| #define HAVE_DUP 1
| #define HAVE_DUP2 1
| #define HAVE_GETCWD 1
| #define HAVE_REALPATH 1
| #define HAVE_SIGSETMASK 1
| #define HAVE_SIGACTION 1
| #define HAVE_GETGROUPS 1
| #define HAVE_SETEUID 1
| #define HAVE_SETEGID 1
| #define HAVE_SETLINEBUF 1
| #define HAVE_SETREUID 1
| #define HAVE_SETREGID 1
| #define HAVE_MKFIFO 1
| #define HAVE_GETRLIMIT 1
| #define HAVE_SETRLIMIT 1
| #define HAVE_SETVBUF 1
| #define HAVE_PIPE 1
| #define HAVE_STRERROR 1
| #define HAVE_STRSIGNAL 1
| #define HAVE_LSTAT 1
| #define HAVE_READLINK 1
| #define HAVE_ATEXIT 1
| #define HAVE_ISATTY 1
| #define HAVE_TTYNAME 1
| #define HAVE_PSELECT 1
| #define HAVE_POSIX_SPAWN 1
| #define HAVE_POSIX_SPAWNATTR_SETSIGMASK 1
| #define HAVE_DECL_BSD_SIGNAL 0
| #define HAVE_FORK 1
| #define HAVE_VFORK 1
| #define HAVE_WORKING_VFORK 1
| #define HAVE_WORKING_FORK 1
| #define HAVE_STRCASECMP 1
| #define HAVE_STRNCASECMP 1
| #define HAVE_STRCOLL 1
| #define HAVE_STRUCT_DIRENT_D_TYPE 1
| #define HAVE_DECL_SYS_SIGLIST 0
| /* end confdefs.h.  */
| #include <stddef.h>
| #ifdef HAVE_STDIO_H
| # include <stdio.h>
| #endif
| #ifdef HAVE_STDLIB_H
| # include <stdlib.h>
| #endif
| #ifdef HAVE_STRING_H
| # include <string.h>
| #endif
| #ifdef HAVE_INTTYPES_H
| # include <inttypes.h>
| #endif
| #ifdef HAVE_STDINT_H
| # include <stdint.h>
| #endif
| #ifdef HAVE_STRINGS_H
| # include <strings.h>
| #endif
| #ifdef HAVE_SYS_TYPES_H
| # include <sys/types.h>
| #endif
| #ifdef HAVE_SYS_STAT_H
| # include <sys/stat.h>
| #endif
| #ifdef HAVE_UNISTD_H
| # include <unistd.h>
| #endif
| #include <signal.h>
| /* NetBSD declares sys_siglist in unistd.h.  */
| #if HAVE_UNISTD_H
| # include <unistd.h>
| #endif
| 
| 
| int
| main (void)
| {
| #ifndef _sys_siglist
| #ifdef __cplusplus
|   (void) _sys_siglist;
| #else
|   (void) _sys_siglist;
| #endif
| #endif
| 
|   ;
|   return 0;
| }
configure:14579: result: no
configure:14595: checking whether __sys_siglist is declared
configure:14595: /usr/bin/clang -c -g -O2   conftest.c >&5 -Werror=implicit-function-declaration
conftest.c:170:10: error: use of undeclared identifier '__sys_siglist'
  170 |   (void) __sys_siglist;
      |          ^
1 error generated.
configure:14595: $? = 1
configure: failed program was:
| /* confdefs.h */
| #define PACKAGE_NAME "GNU Make"
| #define PACKAGE_TARNAME "make"
| #define PACKAGE_VERSION "4.4.1"
| #define PACKAGE_STRING "GNU Make 4.4.1"
| #define PACKAGE_BUGREPORT "bug-make@gnu.org"
| #define PACKAGE_URL "https://www.gnu.org/software/make/"
| #define PACKAGE "make"
| #define VERSION "4.4.1"
| #define HAVE_STDIO_H 1
| #define HAVE_STDLIB_H 1
| #define HAVE_STRING_H 1
| #define HAVE_INTTYPES_H 1
| #define HAVE_STDINT_H 1
| #define HAVE_STRINGS_H 1
| #define HAVE_SYS_STAT_H 1
| #define HAVE_SYS_TYPES_H 1
| #define HAVE_UNISTD_H 1
| #define HAVE_WCHAR_H 1
| #define HAVE_SYS_PARAM_H 1
| #define HAVE_STDBOOL_H 1
| #define STDC_HEADERS 1
| #define _ALL_SOURCE 1
| #define _DARWIN_C_SOURCE 1
| #define _GNU_SOURCE 1
| #define _HPUX_ALT_XOPEN_SOCKET_API 1
| #define _NETBSD_SOURCE 1
| #define _OPENBSD_SOURCE 1
| #define _POSIX_PTHREAD_SEMANTICS 1
| #define __STDC_WANT_IEC_60559_ATTRIBS_EXT__ 1
| #define __STDC_WANT_IEC_60559_BFP_EXT__ 1
| #define __STDC_WANT_IEC_60559_DFP_EXT__ 1
| #define __STDC_WANT_IEC_60559_EXT__ 1
| #define __STDC_WANT_IEC_60559_FUNCS_EXT__ 1
| #define __STDC_WANT_IEC_60559_TYPES_EXT__ 1
| #define __STDC_WANT_LIB_EXT2__ 1
| #define __STDC_WANT_MATH_SPEC_FUNCS__ 1
| #define _TANDEM_SOURCE 1
| #define __EXTENSIONS__ 1
| #define MAKE_CXX "/usr/bin/clang++"
| #define HAVE_ALLOCA_H 1
| #define HAVE_ALLOCA 1
| #ifndef __x86_64__
| #define __x86_64__ 1
| #endif
| #ifndef __x86_64__
| #define __x86_64__ 1
| #endif
| #define HAVE_ALLOCA 1
| #define GNULIB_TEST_GETLOADAVG 1
| #define ENABLE_NLS 1
| #define HAVE_GETTEXT 1
| #define HAVE_DCGETTEXT 1
| #define HAVE_DIRENT_H 1
| #define HAVE_STDLIB_H 1
| #define HAVE_STRING_H 1
| #define HAVE_STRINGS_H 1
| #define HAVE_LOCALE_H 1
| #define HAVE_UNISTD_H 1
| #define HAVE_LIMITS_H 1
| #define HAVE_MEMORY_H 1
| #define HAVE_SYS_PARAM_H 1
| #define HAVE_SYS_RESOURCE_H 1
| #define HAVE_SYS_TIMEB_H 1
| #define HAVE_SYS_TIME_H 1
| #define HAVE_SYS_SELECT_H 1
| #define HAVE_SYS_FILE_H 1
| #define HAVE_FCNTL_H 1
| #define HAVE_SPAWN_H 1
| #define HAVE_UNSIGNED_LONG_LONG_INT 1
| #define HAVE_LONG_LONG_INT 1
| #define HAVE_INTMAX_T 1
| #define HAVE_UINTMAX_T 1
| #define HAVE_SIG_ATOMIC_T 1
| #define ST_MTIM_NSEC st_mtim.tv_nsec
| #define FILE_TIMESTAMP_HI_RES 1
| #define HAVE_CLOCK_GETTIME 1
| #define HAVE_GETTIMEOFDAY 1
| #define HAVE_STRTOLL 1
| #define HAVE_STRDUP 1
| #define HAVE_STRNDUP 1
| #define HAVE_STPCPY 1
| #define HAVE_MEMRCHR 1
| #define HAVE_MEMPCPY 1
| #define HAVE_UMASK 1
| #define HAVE_MKSTEMP 1
| #define HAVE_MKTEMP 1
| #define HAVE_FDOPEN 1
| #define HAVE_DUP 1
| #define HAVE_DUP2 1
| #define HAVE_GETCWD 1
| #define HAVE_REALPATH 1
| #define HAVE_SIGSETMASK 1
| #define HAVE_SIGACTION 1
| #define HAVE_GETGROUPS 1
| #define HAVE_SETEUID 1
| #define HAVE_SETEGID 1
| #define HAVE_SETLINEBUF 1
| #define HAVE_SETREUID 1
| #define HAVE_SETREGID 1
| #define HAVE_MKFIFO 1
| #define HAVE_GETRLIMIT 1
| #define HAVE_SETRLIMIT 1
| #define HAVE_SETVBUF 1
| #define HAVE_PIPE 1
| #define HAVE_STRERROR 1
| #define HAVE_STRSIGNAL 1
| #define HAVE_LSTAT 1
| #define HAVE_READLINK 1
| #define HAVE_ATEXIT 1
| #define HAVE_ISATTY 1
| #define HAVE_TTYNAME 1
| #define HAVE_PSELECT 1
| #define HAVE_POSIX_SPAWN 1
| #define HAVE_POSIX_SPAWNATTR_SETSIGMASK 1
| #define HAVE_DECL_BSD_SIGNAL 0
| #define HAVE_FORK 1
| #define HAVE_VFORK 1
| #define HAVE_WORKING_VFORK 1
| #define HAVE_WORKING_FORK 1
| #define HAVE_STRCASECMP 1
| #define HAVE_STRNCASECMP 1
| #define HAVE_STRCOLL 1
| #define HAVE_STRUCT_DIRENT_D_TYPE 1
| #define HAVE_DECL_SYS_SIGLIST 0
| #define HAVE_DECL__SYS_SIGLIST 0
| /* end confdefs.h.  */
| #include <stddef.h>
| #ifdef HAVE_STDIO_H
| # include <stdio.h>
| #endif
| #ifdef HAVE_STDLIB_H
| # include <stdlib.h>
| #endif
| #ifdef HAVE_STRING_H
| # include <string.h>
| #endif
| #ifdef HAVE_INTTYPES_H
| # include <inttypes.h>
| #endif
| #ifdef HAVE_STDINT_H
| # include <stdint.h>
| #endif
| #ifdef HAVE_STRINGS_H
| # include <strings.h>
| #endif
| #ifdef HAVE_SYS_TYPES_H
| # include <sys/types.h>
| #endif
| #ifdef HAVE_SYS_STAT_H
| # include <sys/stat.h>
| #endif
| #ifdef HAVE_UNISTD_H
| # include <unistd.h>
| #endif
| #include <signal.h>
| /* NetBSD declares sys_siglist in unistd.h.  */
| #if HAVE_UNISTD_H
| # include <unistd.h>
| #endif
| 
| 
| int
| main (void)
| {
| #ifndef __sys_siglist
| #ifdef __cplusplus
|   (void) __sys_siglist;
| #else
|   (void) __sys_siglist;
| #endif
| #endif
| 
|   ;
|   return 0;
| }
configure:14595: result: no
configure:14615: checking for sys/wait.h
configure:14615: /usr/bin/clang -c -g -O2  conftest.c >&5
configure:14615: $? = 0
configure:14615: result: yes
configure:14623: checking for waitpid
configure:14623: /usr/bin/clang -o conftest -g -O2   conftest.c  >&5
configure:14623: $? = 0
configure:14623: result: yes
configure:14629: checking for wait3
configure:14629: /usr/bin/clang -o conftest -g -O2   conftest.c  >&5
configure:14629: $? = 0
configure:14629: result: yes
configure:14636: checking for union wait
configure:14669: /usr/bin/clang -o conftest -g -O2   conftest.c  >&5
conftest.c:137:12: error: variable has incomplete type 'union wait'
  137 | union wait status; int pid; pid = wait (&status);
      |            ^
conftest.c:137:7: note: forward declaration of 'union wait'
  137 | union wait status; int pid; pid = wait (&status);
      |       ^
conftest.c:145:16: error: expected ';' after expression
  145 |         -- blow chunks here --
      |                ^
      |                ;
conftest.c:145:12: error: use of undeclared identifier 'blow'
  145 |         -- blow chunks here --
      |            ^
conftest.c:145:17: error: use of undeclared identifier 'chunks'
  145 |         -- blow chunks here --
      |                 ^
4 errors generated.
configure:14669: $? = 1
configure: failed program was:
| /* confdefs.h */
| #define PACKAGE_NAME "GNU Make"
| #define PACKAGE_TARNAME "make"
| #define PACKAGE_VERSION "4.4.1"
| #define PACKAGE_STRING "GNU Make 4.4.1"
| #define PACKAGE_BUGREPORT "bug-make@gnu.org"
| #define PACKAGE_URL "https://www.gnu.org/software/make/"
| #define PACKAGE "make"
| #define VERSION "4.4.1"
| #define HAVE_STDIO_H 1
| #define HAVE_STDLIB_H 1
| #define HAVE_STRING_H 1
| #define HAVE_INTTYPES_H 1
| #define HAVE_STDINT_H 1
| #define HAVE_STRINGS_H 1
| #define HAVE_SYS_STAT_H 1
| #define HAVE_SYS_TYPES_H 1
| #define HAVE_UNISTD_H 1
| #define HAVE_WCHAR_H 1
| #define HAVE_SYS_PARAM_H 1
| #define HAVE_STDBOOL_H 1
| #define STDC_HEADERS 1
| #define _ALL_SOURCE 1
| #define _DARWIN_C_SOURCE 1
| #define _GNU_SOURCE 1
| #define _HPUX_ALT_XOPEN_SOCKET_API 1
| #define _NETBSD_SOURCE 1
| #define _OPENBSD_SOURCE 1
| #define _POSIX_PTHREAD_SEMANTICS 1
| #define __STDC_WANT_IEC_60559_ATTRIBS_EXT__ 1
| #define __STDC_WANT_IEC_60559_BFP_EXT__ 1
| #define __STDC_WANT_IEC_60559_DFP_EXT__ 1
| #define __STDC_WANT_IEC_60559_EXT__ 1
| #define __STDC_WANT_IEC_60559_FUNCS_EXT__ 1
| #define __STDC_WANT_IEC_60559_TYPES_EXT__ 1
| #define __STDC_WANT_LIB_EXT2__ 1
| #define __STDC_WANT_MATH_SPEC_FUNCS__ 1
| #define _TANDEM_SOURCE 1
| #define __EXTENSIONS__ 1
| #define MAKE_CXX "/usr/bin/clang++"
| #define HAVE_ALLOCA_H 1
| #define HAVE_ALLOCA 1
| #ifndef __x86_64__
| #define __x86_64__ 1
| #endif
| #ifndef __x86_64__
| #define __x86_64__ 1
| #endif
| #define HAVE_ALLOCA 1
| #define GNULIB_TEST_GETLOADAVG 1
| #define ENABLE_NLS 1
| #define HAVE_GETTEXT 1
| #define HAVE_DCGETTEXT 1
| #define HAVE_DIRENT_H 1
| #define HAVE_STDLIB_H 1
| #define HAVE_STRING_H 1
| #define HAVE_STRINGS_H 1
| #define HAVE_LOCALE_H 1
| #define HAVE_UNISTD_H 1
| #define HAVE_LIMITS_H 1
| #define HAVE_MEMORY_H 1
| #define HAVE_SYS_PARAM_H 1
| #define HAVE_SYS_RESOURCE_H 1
| #define HAVE_SYS_TIMEB_H 1
| #define HAVE_SYS_TIME_H 1
| #define HAVE_SYS_SELECT_H 1
| #define HAVE_SYS_FILE_H 1
| #define HAVE_FCNTL_H 1
| #define HAVE_SPAWN_H 1
| #define HAVE_UNSIGNED_LONG_LONG_INT 1
| #define HAVE_LONG_LONG_INT 1
| #define HAVE_INTMAX_T 1
| #define HAVE_UINTMAX_T 1
| #define HAVE_SIG_ATOMIC_T 1
| #define ST_MTIM_NSEC st_mtim.tv_nsec
| #define FILE_TIMESTAMP_HI_RES 1
| #define HAVE_CLOCK_GETTIME 1
| #define HAVE_GETTIMEOFDAY 1
| #define HAVE_STRTOLL 1
| #define HAVE_STRDUP 1
| #define HAVE_STRNDUP 1
| #define HAVE_STPCPY 1
| #define HAVE_MEMRCHR 1
| #define HAVE_MEMPCPY 1
| #define HAVE_UMASK 1
| #define HAVE_MKSTEMP 1
| #define HAVE_MKTEMP 1
| #define HAVE_FDOPEN 1
| #define HAVE_DUP 1
| #define HAVE_DUP2 1
| #define HAVE_GETCWD 1
| #define HAVE_REALPATH 1
| #define HAVE_SIGSETMASK 1
| #define HAVE_SIGACTION 1
| #define HAVE_GETGROUPS 1
| #define HAVE_SETEUID 1
| #define HAVE_SETEGID 1
| #define HAVE_SETLINEBUF 1
| #define HAVE_SETREUID 1
| #define HAVE_SETREGID 1
| #define HAVE_MKFIFO 1
| #define HAVE_GETRLIMIT 1
| #define HAVE_SETRLIMIT 1
| #define HAVE_SETVBUF 1
| #define HAVE_PIPE 1
| #define HAVE_STRERROR 1
| #define HAVE_STRSIGNAL 1
| #define HAVE_LSTAT 1
| #define HAVE_READLINK 1
| #define HAVE_ATEXIT 1
| #define HAVE_ISATTY 1
| #define HAVE_TTYNAME 1
| #define HAVE_PSELECT 1
| #define HAVE_POSIX_SPAWN 1
| #define HAVE_POSIX_SPAWNATTR_SETSIGMASK 1
| #define HAVE_DECL_BSD_SIGNAL 0
| #define HAVE_FORK 1
| #define HAVE_VFORK 1
| #define HAVE_WORKING_VFORK 1
| #define HAVE_WORKING_FORK 1
| #define HAVE_STRCASECMP 1
| #define HAVE_STRNCASECMP 1
| #define HAVE_STRCOLL 1
| #define HAVE_STRUCT_DIRENT_D_TYPE 1
| #define HAVE_DECL_SYS_SIGLIST 0
| #define HAVE_DECL__SYS_SIGLIST 0
| #define HAVE_DECL___SYS_SIGLIST 0
| #define HAVE_SYS_WAIT_H 1
| #define HAVE_WAITPID 1
| #define HAVE_WAIT3 1
| /* end confdefs.h.  */
| #include <sys/types.h>
| #include <sys/wait.h>
| int
| main (void)
| {
| union wait status; int pid; pid = wait (&status);
| #ifdef WEXITSTATUS
| /* Some POSIXoid systems have both the new-style macros and the old
|    union wait type, and they do not work together.  If union wait
|    conflicts with WEXITSTATUS et al, we don't want to use it at all.  */
|         if (WEXITSTATUS (status) != 0) pid = -1;
| #ifdef WTERMSIG
|         /* If we have WEXITSTATUS and WTERMSIG, just use them on ints.  */
|         -- blow chunks here --
| #endif
| #endif
| #ifdef HAVE_WAITPID
|         /* Make sure union wait works with waitpid.  */
|         pid = waitpid (-1, &status, 0);
| #endif
| 
|   ;
|   return 0;
| }
configure:14681: result: no
configure:15208: checking for SA_RESTART
configure:15226: /usr/bin/clang -c -g -O2  conftest.c >&5
configure:15226: $? = 0
configure:15236: result: yes
configure:15275: checking whether dlopen is declared
configure:15275: /usr/bin/clang -c -g -O2   conftest.c >&5 -Werror=implicit-function-declaration
configure:15275: $? = 0
configure:15275: result: yes
configure:15285: checking whether dlsym is declared
configure:15285: /usr/bin/clang -c -g -O2   conftest.c >&5 -Werror=implicit-function-declaration
configure:15285: $? = 0
configure:15285: result: yes
configure:15295: checking whether dlerror is declared
configure:15295: /usr/bin/clang -c -g -O2   conftest.c >&5 -Werror=implicit-function-declaration
configure:15295: $? = 0
configure:15295: result: yes
configure:15328: checking for library containing dlopen
configure:15364: /usr/bin/clang -o conftest -g -O2   conftest.c  >&5
configure:15364: $? = 0
configure:15386: result: none required
configure:15418: checking if the linker accepts -Wl,--export-dynamic
configure:15426: /usr/bin/clang -o conftest -g -O2   -Wl,--export-dynamic conftest.c  >&5
configure:15426: $? = 0
configure:15428: result: yes
configure:15495: checking for posix_spawn that fails synchronously
configure:15518: /usr/bin/clang -o conftest -g -O2   conftest.c  >&5
configure:15518: $? = 0
configure:15518: ./conftest
configure:15518: $? = 0
configure:15532: result: yes
configure:15548: checking for location of SCCS get command
configure:15565: result: get
configure:15671: checking if malloc debugging is wanted
configure:15690: result: no
configure:15900: checking that generated files are newer than configure
configure:15906: result: done
configure:16038: creating ./config.status

## ---------------------- ##
## Running config.status. ##
## ---------------------- ##

This file was extended by GNU Make config.status 4.4.1, which was
generated by GNU Autoconf 2.72.  Invocation command line was

  CONFIG_FILES    = 
  CONFIG_HEADERS  = 
  CONFIG_LINKS    = 
  CONFIG_COMMANDS = 
  $ ./config.status 

on runtime-xjauxllneqdgmduh-6549995c5f-2jlv2

config.status:1100: creating build.cfg
config.status:1100: creating tests/config-flags.pm
config.status:1100: creating Makefile
config.status:1100: creating lib/Makefile
config.status:1100: creating doc/Makefile
config.status:1100: creating po/Makefile.in
config.status:1100: creating src/config.h
config.status:1286: src/config.h is unchanged
config.status:1365: executing depfiles commands
config.status:1365: executing po-directories commands

## ---------------- ##
## Cache variables. ##
## ---------------- ##

ac_cv_build=x86_64-pc-linux-gnu
ac_cv_c_bigendian=no
ac_cv_c_compiler_gnu=yes
ac_cv_c_const=yes
ac_cv_c_undeclared_builtin_options='none needed'
ac_cv_cxx_compiler_gnu=yes
ac_cv_dos_paths=no
ac_cv_env_CCC_set=
ac_cv_env_CCC_value=
ac_cv_env_CC_set=set
ac_cv_env_CC_value=/usr/bin/clang
ac_cv_env_CFLAGS_set=
ac_cv_env_CFLAGS_value=
ac_cv_env_CPPFLAGS_set=
ac_cv_env_CPPFLAGS_value=
ac_cv_env_CPP_set=
ac_cv_env_CPP_value=
ac_cv_env_CXXFLAGS_set=
ac_cv_env_CXXFLAGS_value=
ac_cv_env_CXX_set=set
ac_cv_env_CXX_value=/usr/bin/clang++
ac_cv_env_GUILE_CFLAGS_set=
ac_cv_env_GUILE_CFLAGS_value=
ac_cv_env_GUILE_LIBS_set=
ac_cv_env_GUILE_LIBS_value=
ac_cv_env_LDFLAGS_set=
ac_cv_env_LDFLAGS_value=
ac_cv_env_LIBS_set=
ac_cv_env_LIBS_value=
ac_cv_env_PKG_CONFIG_LIBDIR_set=
ac_cv_env_PKG_CONFIG_LIBDIR_value=
ac_cv_env_PKG_CONFIG_PATH_set=
ac_cv_env_PKG_CONFIG_PATH_value=
ac_cv_env_PKG_CONFIG_set=
ac_cv_env_PKG_CONFIG_value=
ac_cv_env_build_alias_set=
ac_cv_env_build_alias_value=
ac_cv_env_host_alias_set=
ac_cv_env_host_alias_value=
ac_cv_env_target_alias_set=
ac_cv_env_target_alias_value=
ac_cv_func_alloca_works=yes
ac_cv_func_atexit=yes
ac_cv_func_closedir_void=no
ac_cv_func_dup2=yes
ac_cv_func_dup=yes
ac_cv_func_eaccess=yes
ac_cv_func_fdopen=yes
ac_cv_func_fork=yes
ac_cv_func_fork_works=yes
ac_cv_func_getcwd=yes
ac_cv_func_getgroups=yes
ac_cv_func_getloadavg=yes
ac_cv_func_getrlimit=yes
ac_cv_func_gettimeofday=yes
ac_cv_func_isatty=yes
ac_cv_func_lstat=yes
ac_cv_func_mempcpy=yes
ac_cv_func_memrchr=yes
ac_cv_func_mkfifo=yes
ac_cv_func_mkstemp=yes
ac_cv_func_mktemp=yes
ac_cv_func_pipe=yes
ac_cv_func_posix_spawn=yes
ac_cv_func_posix_spawnattr_setsigmask=yes
ac_cv_func_pselect=yes
ac_cv_func_readlink=yes
ac_cv_func_realpath=yes
ac_cv_func_setegid=yes
ac_cv_func_seteuid=yes
ac_cv_func_setlinebuf=yes
ac_cv_func_setregid=yes
ac_cv_func_setreuid=yes
ac_cv_func_setrlimit=yes
ac_cv_func_setvbuf=yes
ac_cv_func_sigaction=yes
ac_cv_func_sigsetmask=yes
ac_cv_func_stpcpy=yes
ac_cv_func_strcasecmp=yes
ac_cv_func_strcmpi=no
ac_cv_func_strcoll_works=yes
ac_cv_func_strdup=yes
ac_cv_func_strerror=yes
ac_cv_func_stricmp=no
ac_cv_func_strncasecmp=yes
ac_cv_func_strncmpi=no
ac_cv_func_strndup=yes
ac_cv_func_strnicmp=no
ac_cv_func_strsignal=yes
ac_cv_func_strtoll=yes
ac_cv_func_ttyname=yes
ac_cv_func_umask=yes
ac_cv_func_vfork=yes
ac_cv_func_vfork_works=yes
ac_cv_func_wait3=yes
ac_cv_func_waitpid=yes
ac_cv_have_decl___sys_siglist=no
ac_cv_have_decl__sys_siglist=no
ac_cv_have_decl_bsd_signal=no
ac_cv_have_decl_dlerror=yes
ac_cv_have_decl_dlopen=yes
ac_cv_have_decl_dlsym=yes
ac_cv_have_decl_getloadavg=yes
ac_cv_have_decl_sys_siglist=no
ac_cv_header_dirent_dirent_h=yes
ac_cv_header_fcntl_h=yes
ac_cv_header_inttypes_h=yes
ac_cv_header_limits_h=yes
ac_cv_header_locale_h=yes
ac_cv_header_memory_h=yes
ac_cv_header_minix_config_h=no
ac_cv_header_spawn_h=yes
ac_cv_header_stat_broken=no
ac_cv_header_stdbool_h=yes
ac_cv_header_stdint_h=yes
ac_cv_header_stdio_h=yes
ac_cv_header_stdlib_h=yes
ac_cv_header_string_h=yes
ac_cv_header_strings_h=yes
ac_cv_header_sys_file_h=yes
ac_cv_header_sys_loadavg_h=no
ac_cv_header_sys_param_h=yes
ac_cv_header_sys_resource_h=yes
ac_cv_header_sys_select_h=yes
ac_cv_header_sys_stat_h=yes
ac_cv_header_sys_time_h=yes
ac_cv_header_sys_timeb_h=yes
ac_cv_header_sys_types_h=yes
ac_cv_header_sys_wait_h=yes
ac_cv_header_unistd_h=yes
ac_cv_header_vfork_h=no
ac_cv_header_wchar_h=yes
ac_cv_host=x86_64-pc-linux-gnu
ac_cv_member_struct_dirent_d_type=yes
ac_cv_objext=o
ac_cv_path_EGREP_TRADITIONAL='/usr/bin/grep -E'
ac_cv_path_GMSGFMT=:
ac_cv_path_MSGFMT=:
ac_cv_path_MSGMERGE=:
ac_cv_path_SED=/usr/bin/sed
ac_cv_path_XGETTEXT=:
ac_cv_path_ac_pt_PKG_CONFIG=/usr/bin/pkg-config
ac_cv_path_install='/usr/bin/install -c'
ac_cv_path_mkdir=/usr/bin/mkdir
ac_cv_prog_AR=/usr/bin/ar
ac_cv_prog_AWK=mawk
ac_cv_prog_CPP='/usr/bin/clang -E'
ac_cv_prog_PERL=perl
ac_cv_prog_ac_ct_AR=/usr/bin/ar
ac_cv_prog_ac_ct_CC=/usr/bin/clang
ac_cv_prog_ac_ct_RANLIB=ranlib
ac_cv_prog_cc_c11=
ac_cv_prog_cc_g=yes
ac_cv_prog_cc_stdc=
ac_cv_prog_cxx_cxx11=
ac_cv_prog_cxx_g=yes
ac_cv_prog_cxx_stdcxx=
ac_cv_prog_make__usr_bin_bmake_set=no
ac_cv_safe_to_define___extensions__=yes
ac_cv_search_clock_gettime='none required'
ac_cv_search_dlopen='none required'
ac_cv_search_getpwnam='none required'
ac_cv_search_opendir='none required'
ac_cv_search_strerror='none required'
ac_cv_should_define__xopen_source=no
ac_cv_struct_st_mtim_nsec=st_mtim.tv_nsec
ac_cv_sys_largefile_opts='none needed'
ac_cv_type_gid_t=yes
ac_cv_type_intmax_t=yes
ac_cv_type_long_long_int=yes
ac_cv_type_off_t=yes
ac_cv_type_pid_t=yes
ac_cv_type_sig_atomic_t=yes
ac_cv_type_size_t=yes
ac_cv_type_ssize_t=yes
ac_cv_type_uid_t=yes
ac_cv_type_uintmax_t=yes
ac_cv_type_unsigned_long_long_int=yes
ac_cv_working_alloca_h=yes
acl_cv_hardcode_direct=no
acl_cv_hardcode_libdir_flag_spec='${wl}-rpath ${wl}$libdir'
acl_cv_hardcode_libdir_separator=
acl_cv_hardcode_minus_L=no
acl_cv_libext=a
acl_cv_libname_spec='lib$name'
acl_cv_library_names_spec='$libname$shrext'
acl_cv_path_LD=/usr/bin/ld.lld
acl_cv_prog_gnu_ld=yes
acl_cv_rpath=done
acl_cv_shlibext=so
acl_cv_wl=-Wl,
am_cv_CC_dependencies_compiler_type=none
am_cv_CXX_dependencies_compiler_type=none
am_cv_filesystem_timestamp_resolution=0.01
am_cv_make_support_nested_variables=no
am_cv_prog_cc_c_o=yes
am_cv_sleep_fractional_seconds=yes
am_cv_xargs_n_works=yes
gl_cv_c_amsterdam_compiler=no
gl_cv_c_bool=no
gl_cv_cc_wallow=-Wno-error
gl_cv_compiler_check_decl_option=-Werror=implicit-function-declaration
gl_cv_compiler_clang=yes
gl_cv_host_cpu_c_abi=x86_64
gl_cv_rpl_alloca=yes
gt_cv_func_CFLocaleCopyCurrent=no
gt_cv_func_CFPreferencesCopyAppValue=no
gt_cv_func_gnugettext1_libc=yes
make_cv_file_timestamp_hi_res=yes
make_cv_job_server=yes
make_cv_load=yes
make_cv_path_sccs_get=get
make_cv_posix_spawn=yes
make_cv_sa_restart=yes
make_cv_synchronous_posix_spawn=yes
make_cv_sys_gnu_glob=yes
make_cv_union_wait=no

## ----------------- ##
## Output variables. ##
## ----------------- ##

ACLOCAL='${SHELL} '\''/workspace/project/mobileland/Developer/Default.xctoolchain/gmake/build-aux/missing'\'' aclocal-1.17'
ALLOCA=''
ALLOCA_H='alloca.h'
AMDEPBACKSLASH=''
AMDEP_FALSE=''
AMDEP_TRUE='#'
AMTAR='$${TAR-tar}'
AM_BACKSLASH='\'
AM_DEFAULT_V='1'
AM_DEFAULT_VERBOSITY='1'
AM_LDFLAGS='-Wl,--export-dynamic'
AM_V='1'
AR='/usr/bin/ar'
ARFLAGS='cr'
AUTOCONF='${SHELL} '\''/workspace/project/mobileland/Developer/Default.xctoolchain/gmake/build-aux/missing'\'' autoconf'
AUTOHEADER='${SHELL} '\''/workspace/project/mobileland/Developer/Default.xctoolchain/gmake/build-aux/missing'\'' autoheader'
AUTOMAKE='${SHELL} '\''/workspace/project/mobileland/Developer/Default.xctoolchain/gmake/build-aux/missing'\'' automake-1.17'
AWK='mawk'
CC='/usr/bin/clang'
CCDEPMODE='depmode=none'
CFLAGS='-g -O2'
CPP='/usr/bin/clang -E'
CPPFLAGS=''
CSCOPE='cscope'
CTAGS='ctags'
CXX='/usr/bin/clang++'
CXXDEPMODE='depmode=none'
CXXFLAGS='-g -O2'
CYGPATH_W='echo'
DEFS='-DHAVE_CONFIG_H'
DEPDIR='.deps'
ECHO_C=''
ECHO_N='-n'
ECHO_T=''
ETAGS='etags'
EXEEXT=''
GETLOADAVG_LIBS=''
GETTEXT_MACRO_VERSION='0.19'
GL_CFLAG_ALLOW_WARNINGS='-Wno-error'
GL_CFLAG_GNULIB_WARNINGS=' -Wno-cast-qual -Wno-conversion -Wno-float-equal -Wno-sign-compare -Wno-undef -Wno-unused-function -Wno-unused-parameter -Wno-float-conversion -Wimplicit-fallthrough -Wno-pedantic -Wno-sign-conversion -Wno-type-limits'
GL_COND_LIBTOOL_FALSE=''
GL_COND_LIBTOOL_TRUE='#'
GL_COND_OBJ_GETLOADAVG_FALSE=''
GL_COND_OBJ_GETLOADAVG_TRUE='#'
GL_GENERATE_ALLOCA_H_FALSE='#'
GL_GENERATE_ALLOCA_H_TRUE=''
GL_GNULIB_GETLOADAVG='1'
GMSGFMT=':'
GMSGFMT_015=':'
GUILE_CFLAGS=''
GUILE_LIBS=''
HAVE_ALLOCA_H='1'
HAVE_DECL_GETLOADAVG='1'
HAVE_GUILE_FALSE=''
HAVE_GUILE_TRUE='#'
HOST_CPU='x86_64'
HOST_CPU_C_ABI='x86_64'
INSTALL_DATA='${INSTALL} -m 644'
INSTALL_PROGRAM='${INSTALL}'
INSTALL_SCRIPT='${INSTALL}'
INSTALL_STRIP_PROGRAM='$(install_sh) -c -s'
INTLLIBS=''
INTL_MACOSX_LIBS=''
KNOWN_PREFIX_FALSE=''
KNOWN_PREFIX_TRUE='#'
LDFLAGS=''
LIBGNU_LIBDEPS=''
LIBGNU_LTLIBDEPS=''
LIBICONV='-liconv'
LIBINTL=''
LIBOBJS=''
LIBS=''
LTLIBICONV='-liconv'
LTLIBINTL=''
LTLIBOBJS=''
MAKEINFO='${SHELL} '\''/workspace/project/mobileland/Developer/Default.xctoolchain/gmake/build-aux/missing'\'' makeinfo'
MAKE_HOST='x86_64-pc-linux-gnu'
MKDIR_P='/usr/bin/mkdir -p'
MSGFMT=':'
MSGFMT_015=':'
MSGMERGE=':'
OBJEXT='o'
PACKAGE='make'
PACKAGE_BUGREPORT='bug-make@gnu.org'
PACKAGE_NAME='GNU Make'
PACKAGE_STRING='GNU Make 4.4.1'
PACKAGE_TARNAME='make'
PACKAGE_URL='https://www.gnu.org/software/make/'
PACKAGE_VERSION='4.4.1'
PATH_SEPARATOR=':'
PERL='perl'
PKG_CONFIG='/usr/bin/pkg-config'
PKG_CONFIG_LIBDIR=''
PKG_CONFIG_PATH=''
POSUB='po'
RANLIB='ranlib'
REMOTE='stub'
SED='/usr/bin/sed'
SET_MAKE=''
SHELL='/bin/bash'
STRIP='/usr/bin/strip'
USE_CUSTOMS_FALSE=''
USE_CUSTOMS_TRUE='#'
USE_NLS='yes'
USE_SYSTEM_GLOB='yes'
USE_SYSTEM_GLOB_FALSE='#'
USE_SYSTEM_GLOB_TRUE=''
VERSION='4.4.1'
WINDOWSENV_FALSE=''
WINDOWSENV_TRUE='#'
XGETTEXT=':'
XGETTEXT_015=':'
XGETTEXT_EXTRA_OPTIONS=''
ac_ct_CC='/usr/bin/clang'
ac_ct_CXX=''
am__EXEEXT_FALSE=''
am__EXEEXT_TRUE='#'
am__fastdepCC_FALSE=''
am__fastdepCC_TRUE='#'
am__fastdepCXX_FALSE=''
am__fastdepCXX_TRUE='#'
am__include='#'
am__isrc=''
am__leading_dot='.'
am__nodep=''
am__quote=''
am__rm_f_notfound=''
am__tar='$${TAR-tar} chof - "$$tardir"'
am__untar='$${TAR-tar} xf -'
am__xargs_n='xargs -n'
bindir='${exec_prefix}/bin'
build='x86_64-pc-linux-gnu'
build_alias=''
build_cpu='x86_64'
build_os='linux-gnu'
build_vendor='pc'
datadir='${datarootdir}'
datarootdir='${prefix}/share'
docdir='${datarootdir}/doc/${PACKAGE_TARNAME}'
dvidir='${docdir}'
exec_prefix='${prefix}'
gl_LIBOBJDEPS=''
gl_LIBOBJS=''
gl_LTLIBOBJS=''
gltests_LIBOBJDEPS=''
gltests_LIBOBJS=''
gltests_LTLIBOBJS=''
gltests_WITNESS='IN_MAKE_GNULIB_TESTS'
host='x86_64-pc-linux-gnu'
host_alias=''
host_cpu='x86_64'
host_os='linux-gnu'
host_vendor='pc'
htmldir='${docdir}'
includedir='${prefix}/include'
infodir='${datarootdir}/info'
install_sh='${SHELL} /workspace/project/mobileland/Developer/Default.xctoolchain/gmake/build-aux/install-sh'
libdir='${exec_prefix}/lib'
libexecdir='${exec_prefix}/libexec'
localedir='${datarootdir}/locale'
localstatedir='${prefix}/var'
mandir='${datarootdir}/man'
mkdir_p='$(MKDIR_P)'
oldincludedir='/usr/include'
pdfdir='${docdir}'
prefix='/workspace/project/mobileland/Developer/Toolchains/Default.xctoolchain'
program_transform_name='s,x,x,'
psdir='${docdir}'
runstatedir='${localstatedir}/run'
sbindir='${exec_prefix}/sbin'
sharedstatedir='${prefix}/com'
sysconfdir='${prefix}/etc'
target_alias=''

## ------------------- ##
## File substitutions. ##
## ------------------- ##

MAINT_MAKEFILE='/dev/null'

## ----------- ##
## confdefs.h. ##
## ----------- ##

/* confdefs.h */
#define PACKAGE_NAME "GNU Make"
#define PACKAGE_TARNAME "make"
#define PACKAGE_VERSION "4.4.1"
#define PACKAGE_STRING "GNU Make 4.4.1"
#define PACKAGE_BUGREPORT "bug-make@gnu.org"
#define PACKAGE_URL "https://www.gnu.org/software/make/"
#define PACKAGE "make"
#define VERSION "4.4.1"
#define HAVE_STDIO_H 1
#define HAVE_STDLIB_H 1
#define HAVE_STRING_H 1
#define HAVE_INTTYPES_H 1
#define HAVE_STDINT_H 1
#define HAVE_STRINGS_H 1
#define HAVE_SYS_STAT_H 1
#define HAVE_SYS_TYPES_H 1
#define HAVE_UNISTD_H 1
#define HAVE_WCHAR_H 1
#define HAVE_SYS_PARAM_H 1
#define HAVE_STDBOOL_H 1
#define STDC_HEADERS 1
#define _ALL_SOURCE 1
#define _DARWIN_C_SOURCE 1
#define _GNU_SOURCE 1
#define _HPUX_ALT_XOPEN_SOCKET_API 1
#define _NETBSD_SOURCE 1
#define _OPENBSD_SOURCE 1
#define _POSIX_PTHREAD_SEMANTICS 1
#define __STDC_WANT_IEC_60559_ATTRIBS_EXT__ 1
#define __STDC_WANT_IEC_60559_BFP_EXT__ 1
#define __STDC_WANT_IEC_60559_DFP_EXT__ 1
#define __STDC_WANT_IEC_60559_EXT__ 1
#define __STDC_WANT_IEC_60559_FUNCS_EXT__ 1
#define __STDC_WANT_IEC_60559_TYPES_EXT__ 1
#define __STDC_WANT_LIB_EXT2__ 1
#define __STDC_WANT_MATH_SPEC_FUNCS__ 1
#define _TANDEM_SOURCE 1
#define __EXTENSIONS__ 1
#define MAKE_CXX "/usr/bin/clang++"
#define HAVE_ALLOCA_H 1
#define HAVE_ALLOCA 1
#ifndef __x86_64__
#define __x86_64__ 1
#endif
#ifndef __x86_64__
#define __x86_64__ 1
#endif
#define HAVE_ALLOCA 1
#define GNULIB_TEST_GETLOADAVG 1
#define ENABLE_NLS 1
#define HAVE_GETTEXT 1
#define HAVE_DCGETTEXT 1
#define HAVE_DIRENT_H 1
#define HAVE_STDLIB_H 1
#define HAVE_STRING_H 1
#define HAVE_STRINGS_H 1
#define HAVE_LOCALE_H 1
#define HAVE_UNISTD_H 1
#define HAVE_LIMITS_H 1
#define HAVE_MEMORY_H 1
#define HAVE_SYS_PARAM_H 1
#define HAVE_SYS_RESOURCE_H 1
#define HAVE_SYS_TIMEB_H 1
#define HAVE_SYS_TIME_H 1
#define HAVE_SYS_SELECT_H 1
#define HAVE_SYS_FILE_H 1
#define HAVE_FCNTL_H 1
#define HAVE_SPAWN_H 1
#define HAVE_UNSIGNED_LONG_LONG_INT 1
#define HAVE_LONG_LONG_INT 1
#define HAVE_INTMAX_T 1
#define HAVE_UINTMAX_T 1
#define HAVE_SIG_ATOMIC_T 1
#define ST_MTIM_NSEC st_mtim.tv_nsec
#define FILE_TIMESTAMP_HI_RES 1
#define HAVE_CLOCK_GETTIME 1
#define HAVE_GETTIMEOFDAY 1
#define HAVE_STRTOLL 1
#define HAVE_STRDUP 1
#define HAVE_STRNDUP 1
#define HAVE_STPCPY 1
#define HAVE_MEMRCHR 1
#define HAVE_MEMPCPY 1
#define HAVE_UMASK 1
#define HAVE_MKSTEMP 1
#define HAVE_MKTEMP 1
#define HAVE_FDOPEN 1
#define HAVE_DUP 1
#define HAVE_DUP2 1
#define HAVE_GETCWD 1
#define HAVE_REALPATH 1
#define HAVE_SIGSETMASK 1
#define HAVE_SIGACTION 1
#define HAVE_GETGROUPS 1
#define HAVE_SETEUID 1
#define HAVE_SETEGID 1
#define HAVE_SETLINEBUF 1
#define HAVE_SETREUID 1
#define HAVE_SETREGID 1
#define HAVE_MKFIFO 1
#define HAVE_GETRLIMIT 1
#define HAVE_SETRLIMIT 1
#define HAVE_SETVBUF 1
#define HAVE_PIPE 1
#define HAVE_STRERROR 1
#define HAVE_STRSIGNAL 1
#define HAVE_LSTAT 1
#define HAVE_READLINK 1
#define HAVE_ATEXIT 1
#define HAVE_ISATTY 1
#define HAVE_TTYNAME 1
#define HAVE_PSELECT 1
#define HAVE_POSIX_SPAWN 1
#define HAVE_POSIX_SPAWNATTR_SETSIGMASK 1
#define HAVE_DECL_BSD_SIGNAL 0
#define HAVE_FORK 1
#define HAVE_VFORK 1
#define HAVE_WORKING_VFORK 1
#define HAVE_WORKING_FORK 1
#define HAVE_STRCASECMP 1
#define HAVE_STRNCASECMP 1
#define HAVE_STRCOLL 1
#define HAVE_STRUCT_DIRENT_D_TYPE 1
#define HAVE_DECL_SYS_SIGLIST 0
#define HAVE_DECL__SYS_SIGLIST 0
#define HAVE_DECL___SYS_SIGLIST 0
#define HAVE_SYS_WAIT_H 1
#define HAVE_WAITPID 1
#define HAVE_WAIT3 1
#define HAVE_SA_RESTART 1
#define MAKE_JOBSERVER 1
#define HAVE_DECL_DLOPEN 1
#define HAVE_DECL_DLSYM 1
#define HAVE_DECL_DLERROR 1
#define MAKE_LOAD 1
#define MAKE_SYMLINKS 1
#define USE_POSIX_SPAWN 1
#define SCCS_GET "get"
#define MAKE_HOST "x86_64-pc-linux-gnu"
#define PATH_SEPARATOR_CHAR ':'
#define HAVE_DECL_GETLOADAVG 1
#define MK_CONFIGURE 1

configure: exit 0

## ---------------------- ##
## Running config.status. ##
## ---------------------- ##

This file was extended by GNU Make config.status 4.4.1, which was
generated by GNU Autoconf 2.72.  Invocation command line was

  CONFIG_FILES    = 
  CONFIG_HEADERS  = 
  CONFIG_LINKS    = 
  CONFIG_COMMANDS = 
  $ ./config.status Makefile depfiles

on runtime-xjauxllneqdgmduh-6549995c5f-2jlv2

config.status:1100: creating Makefile
config.status:1365: executing depfiles commands

## ---------------------- ##
## Running config.status. ##
## ---------------------- ##

This file was extended by GNU Make config.status 4.4.1, which was
generated by GNU Autoconf 2.72.  Invocation command line was

  CONFIG_FILES    = 
  CONFIG_HEADERS  = 
  CONFIG_LINKS    = 
  CONFIG_COMMANDS = 
  $ ./config.status lib/Makefile depfiles

on runtime-xjauxllneqdgmduh-6549995c5f-2jlv2

config.status:1100: creating lib/Makefile
config.status:1365: executing depfiles commands

## ---------------------- ##
## Running config.status. ##
## ---------------------- ##

This file was extended by GNU Make config.status 4.4.1, which was
generated by GNU Autoconf 2.72.  Invocation command line was

  CONFIG_FILES    = 
  CONFIG_HEADERS  = 
  CONFIG_LINKS    = 
  CONFIG_COMMANDS = 
  $ ./config.status doc/Makefile

on runtime-xjauxllneqdgmduh-6549995c5f-2jlv2

config.status:1100: creating doc/Makefile
